{"stats":{"minecraft:used":{"minecraft:stone_pickaxe":82,"minecraft:chest":1,"minecraft:torch":1,"minecraft:crafting_table":3,"minecraft:bread":3,"minecraft:iron_pickaxe":75,"minecraft:stone_axe":18,"minecraft:furnace":1,"minecraft:bucket":1,"tombstone:gift":2},"minecraft:custom":{"minecraft:interact_with_furnace":6,"minecraft:mob_kills":2,"minecraft:interact_with_crafting_table":15,"minecraft:open_barrel":5,"minecraft:time_since_death":23431,"minecraft:time_since_rest":23431,"minecraft:sprint_one_cm":34615,"minecraft:damage_taken":120,"minecraft:walk_one_cm":58432,"minecraft:drop":12,"minecraft:damage_dealt":718,"minecraft:fly_one_cm":34569,"minecraft:open_chest":9,"minecraft:crouch_one_cm":4206,"minecraft:play_time":23431,"tombstone:undead_killed":1,"minecraft:sneak_time":1495,"minecraft:jump":211,"minecraft:walk_on_water_one_cm":1371,"minecraft:total_world_time":23431,"minecraft:fall_one_cm":7151},"minecraft:picked_up":{"minecraft:birch_log":13,"minecraft:crafting_table":4,"minecraft:string":1,"minecraft:lantern":2,"minecraft:raw_copper":106,"minecraft:blackstone":2,"minecraft:cobbled_deepslate":5,"minecraft:iron_ingot":4,"minecraft:stone_pickaxe":1,"minecraft:moss_block":5,"minecraft:coal_block":1,"minecraft:chest":1,"minecraft:birch_sapling":3,"minecraft:furnace":1,"minecraft:book":6,"minecraft:raw_iron":19,"minecraft:big_dripleaf":1,"minecraft:torch":1,"minecraft:raw_iron_block":2,"minecraft:white_bed":1,"minecraft:spruce_sign":10,"minecraft:bread":8,"minecraft:iron_bars":1,"minecraft:coal":63,"minecraft:white_wool":2,"minecraft:cobblestone":20},"minecraft:killed":{"minecraft:pillager":1,"minecraft:zombie":1},"minecraft:crafted":{"minecraft:raw_iron":18,"minecraft:coal":9,"minecraft:crafting_table":1,"minecraft:furnace":1,"minecraft:bucket":1,"minecraft:birch_planks":24,"minecraft:stone_axe":1,"minecraft:raw_copper_block":11,"minecraft:air":0,"minecraft:stick":12,"minecraft:iron_ingot":9,"minecraft:iron_pickaxe":1,"minecraft:chest":1,"minecraft:torch":8},"minecraft:dropped":{"minecraft:spruce_sign":2,"minecraft:blackstone":2,"alexsmobs:animal_dictionary":1,"minecraft:cobbled_deepslate":5,"minecraft:birch_sapling":3,"minecraft:big_dripleaf":1,"minecraft:charcoal":3,"minecraft:iron_bars":1,"minecraft:stone_pickaxe":1},"minecraft:mined":{"minecraft:white_bed":1,"minecraft:blackstone":2,"minecraft:crafting_table":4,"minecraft:cave_vines_plant":1,"minecraft:chest":1,"minecraft:coal_block":1,"minecraft:copper_ore":32,"minecraft:moss_block":5,"minecraft:wall_torch":1,"minecraft:big_dripleaf":1,"minecraft:spawner":3,"minecraft:raw_iron_block":2,"minecraft:furnace":1,"minecraft:birch_log":7,"minecraft:iron_ore":11,"minecraft:fire":1,"minecraft:grass":3,"minecraft:bookshelf":3,"minecraft:coal_ore":61,"minecraft:deepslate_iron_ore":8,"minecraft:iron_bars":2,"minecraft:stone":20,"minecraft:white_wool":2,"minecraft:deepslate":5}},"DataVersion":3465}