{"stats":{"minecraft:picked_up":{"minecraft:wheat":3,"minecraft:anvil":2,"minecraft:smithing_table":5,"alexscaves:cave_tablet":11,"minecraft:enchanted_book":3,"minecraft:stone_brick_stairs":1,"minecraft:raw_copper":106,"minecraft:string":13,"alexsmobs:ancient_dart":2,"minecraft:deepslate_tiles":57,"minecraft:gold_nugget":1,"minecraft:cobbled_deepslate":5,"minecraft:bucket":1,"minecraft:spruce_planks":356,"minecraft:iron_pickaxe":7,"minecraft:coal_block":6,"minecraft:furnace":25,"minecraft:stick":473,"minecraft:deepslate_brick_wall":73,"minecraft:composter":4,"minecraft:big_dripleaf":1,"minecraft:torch":26,"minecraft:spruce_stairs":108,"tombstone:grave_dust":5,"argentinas_delight:pavallena":1,"minecraft:golden_chestplate":2,"minecraft:cauldron":4,"tombstone:lollipop":1,"easy_villagers:villager":4,"minecraft:rotten_flesh":5,"relics:horse_flute":2,"create:asurine":1,"minecraft:bookshelf":12,"minecraft:deepslate_brick_stairs":100,"minecraft:iron_bars":5,"minecraft:cod":3,"minecraft:cobblestone":86,"minecraft:birch_log":13,"relics:roller_skates":1,"minecraft:leather_chestplate":1,"minecraft:cooked_beef":4,"minecraft:feather":5,"minecraft:smoker":1,"minecraft:potato":326,"alexsmobs:bear_fur":2,"minecraft:flint":33,"create:raw_zinc":38,"minecraft:map":7,"minecraft:dirt":13,"minecraft:lantern":34,"minecraft:name_tag":2,"minecraft:leather_boots":2,"minecraft:bone":5,"minecraft:stonecutter":4,"minecraft:orange_tulip":2,"minecraft:wheat_seeds":17,"minecraft:deepslate_brick_slab":24,"minecraft:bell":1,"minecraft:grindstone":12,"minecraft:fletching_table":21,"minecraft:bamboo":1,"minecraft:moss_block":5,"minecraft:poisonous_potato":1,"minecraft:stripped_spruce_log":65,"argentinas_delight:yerbamate":1,"minecraft:barrel":5,"minecraft:spruce_fence_gate":3,"minecraft:diamond":110,"minecraft:crossbow":2,"minecraft:golden_apple":1,"minecraft:emerald":50,"minecraft:spruce_button":1,"minecraft:spruce_sign":16,"minecraft:bread":60,"minecraft:oak_sapling":19,"minecraft:crafting_table":18,"minecraft:charcoal":2,"minecraft:allium":14,"minecraft:shield":4,"minecraft:cornflower":4,"minecraft:large_fern":2,"minecraft:compass":1,"minecraft:blackstone":4,"minecraft:cartography_table":2,"minecraft:beef":18,"minecraft:spruce_slab":32,"minecraft:iron_nugget":42,"minecraft:poppy":2,"minecraft:lectern":12,"minecraft:chest":58,"minecraft:birch_sapling":3,"minecraft:spruce_trapdoor":46,"minecraft:raw_iron":45,"minecraft:copper_ingot":42,"minecraft:spruce_fence":56,"minecraft:light_blue_bed":2,"minecraft:arrow":18,"minecraft:deepslate_bricks":57,"minecraft:hay_block":4,"alexscaves:spelunkery_table":2,"minecraft:cracked_deepslate_bricks":18,"minecraft:saddle":2,"minecraft:gold_ingot":18,"minecraft:white_wool":30,"minecraft:cracked_deepslate_tiles":18,"minecraft:salmon":2,"minecraft:leather":11,"minecraft:fern":2,"minecraft:birch_planks":3,"minecraft:chainmail_chestplate":2,"minecraft:cobblestone_wall":4,"minecraft:gunpowder":4,"minecraft:paper":9,"minecraft:apple":30,"minecraft:wild_armor_trim_smithing_template":6,"minecraft:iron_ingot":86,"minecraft:stone_pickaxe":1,"minecraft:iron_sword":4,"minecraft:book":300,"gemsnjewels:enchanted_gold_ring":1,"minecraft:sweet_berries":42,"minecraft:dandelion":4,"minecraft:spyglass":2,"minecraft:raw_iron_block":2,"minecraft:gravel":210,"minecraft:spruce_sapling":651,"minecraft:blast_furnace":11,"minecraft:white_bed":44,"minecraft:spruce_log":5244,"argentinas_delight:mateyerbaseca":1,"minecraft:spruce_door":14,"minecraft:leather_helmet":3,"gemsnjewels:sable_amethyst":1,"minecraft:pumpkin_seeds":60,"minecraft:diamond_axe":1,"minecraft:baked_potato":2,"argentinas_delight:cuernodetoro":3,"minecraft:damaged_anvil":1,"minecraft:coal":128,"minecraft:ender_pearl":9},"minecraft:killed":{"guardvillagers:guard":5,"minecraft:zombified_piglin":3,"minecraft:spider":1,"minecraft:skeleton":4,"alexsmobs:grizzly_bear":2,"minecraft:iron_golem":1,"minecraft:pillager":3,"minecraft:zombie":7,"minecraft:cow":6,"minecraft:vindicator":1,"alexsmobs:sugar_glider":1,"minecraft:player":1},"minecraft:killed_by":{"minecraft:vindicator":1,"minecraft:zombie":1,"alexsmobs:grizzly_bear":1,"minecraft:player":2,"minecraft:spider":1,"minecraft:skeleton":1,"guardvillagers:guard":1},"minecraft:crafted":{"gemsnjewels:diamond_set_gold_ring":2,"minecraft:bookshelf":43,"minecraft:diamond_helmet":1,"minecraft:bow":1,"minecraft:tipped_arrow":120,"minecraft:chest":10,"sophisticatedbackpacks:backpack":1,"minecraft:arrow":320,"minecraft:emerald":979,"minecraft:diamond_axe":2,"minecraft:crafting_table":4,"minecraft:spruce_planks":17116,"minecraft:fletching_table":14,"minecraft:birch_planks":24,"minecraft:spruce_trapdoor":20,"minecraft:lectern":25,"minecraft:diamond_pickaxe":1,"sophisticatedbackpacks:diamond_backpack":1,"minecraft:stick":30553,"minecraft:iron_ingot":10,"minecraft:iron_pickaxe":1,"minecraft:iron_block":3,"minecraft:raw_iron":18,"minecraft:coal":72,"minecraft:diamond_hoe":1,"minecraft:furnace":1,"minecraft:spruce_fence":63,"minecraft:white_carpet":6,"minecraft:raw_copper_block":11,"minecraft:spruce_stairs":16,"minecraft:spruce_slab":168,"minecraft:diamond_boots":1,"minecraft:wheat":126,"sophisticatedbackpacks:iron_backpack":1,"minecraft:coal_block":2,"minecraft:diamond_sword":1,"minecraft:enchanting_table":1,"sophisticatedbackpacks:gold_backpack":1,"minecraft:bucket":2,"minecraft:stone_axe":1,"minecraft:enchanted_book":38,"minecraft:air":0,"minecraft:gold_nugget":9,"minecraft:anvil":1,"minecraft:torch":8,"minecraft:diamond_chestplate":1},"minecraft:used":{"minecraft:spruce_slab":60,"minecraft:poppy":6,"minecraft:diamond_hoe":48,"minecraft:chest":67,"minecraft:shield":7,"minecraft:iron_sword":88,"tombstone:lollipop":1,"minecraft:bell":1,"minecraft:allium":11,"minecraft:lantern":29,"minecraft:light_blue_bed":2,"minecraft:bow":3,"minecraft:furnace":2,"minecraft:potato":101,"minecraft:stone_pickaxe":82,"minecraft:blackstone":1,"minecraft:composter":3,"minecraft:diamond_axe":6054,"minecraft:blast_furnace":4,"relics:horse_flute":4,"easy_villagers:villager":71,"minecraft:bread":38,"minecraft:lectern":24,"create:asurine":1,"minecraft:gravel":237,"minecraft:diamond_sword":7,"minecraft:grindstone":1,"minecraft:smithing_table":3,"minecraft:cooked_rabbit":1,"minecraft:birch_log":4,"minecraft:enchanting_table":1,"minecraft:spruce_planks":1410,"minecraft:torch":20,"minecraft:dirt":5,"minecraft:anvil":1,"minecraft:white_carpet":6,"minecraft:spruce_stairs":15,"minecraft:spruce_fence":14,"minecraft:bookshelf":17,"alexscaves:spelunkery_table":1,"tombstone:gift":6,"minecraft:cooked_beef":7,"minecraft:water_bucket":1,"minecraft:birch_planks":6,"minecraft:cartography_table":1,"gemsnjewels:diamond_set_gold_ring":2,"minecraft:fletching_table":35,"minecraft:stonecutter":1,"minecraft:crafting_table":12,"minecraft:white_bed":30,"minecraft:spruce_log":1,"minecraft:diamond_pickaxe":147,"minecraft:cornflower":2,"minecraft:iron_pickaxe":390,"minecraft:spruce_trapdoor":33,"minecraft:spruce_sapling":254,"minecraft:stone_axe":133,"minecraft:cobblestone":31,"minecraft:potion":1,"minecraft:bucket":2,"minecraft:dandelion":2},"minecraft:broken":{"minecraft:golden_leggings":1,"minecraft:stone_axe":1,"minecraft:golden_chestplate":1,"minecraft:leather_helmet":1,"minecraft:diamond_axe":1,"minecraft:leather_boots":1},"minecraft:mined":{"create:deepslate_zinc_ore":10,"minecraft:spruce_planks":244,"minecraft:white_bed":44,"minecraft:red_nether_bricks":1,"gemsnjewels:sable_amethyst_ore_block":1,"minecraft:spruce_trapdoor":56,"minecraft:cave_vines_plant":2,"argentinas_delight:hojasdemate":5,"minecraft:grass_block":8,"minecraft:coal_block":6,"minecraft:deepslate_bricks":61,"minecraft:composter":4,"minecraft:spawner":13,"minecraft:raw_iron_block":2,"minecraft:iron_ore":12,"minecraft:fire":2,"minecraft:barrel":5,"minecraft:fletching_table":21,"minecraft:anvil":2,"argentinas_delight:ramasdematedeyerba":10,"create:asurine":1,"argentinas_delight:basedearbolmate":2,"minecraft:iron_bars":10,"minecraft:deepslate_brick_stairs":66,"minecraft:spruce_slab":37,"minecraft:blackstone":5,"minecraft:deepslate_brick_wall":63,"minecraft:smoker":1,"gemsnjewels:zircon_deepslate_ore_block":3,"minecraft:torch":4,"minecraft:blast_furnace":10,"minecraft:poppy":2,"minecraft:chest":54,"minecraft:cobblestone":2,"minecraft:grindstone":6,"minecraft:wall_torch":2,"minecraft:cauldron":4,"minecraft:birch_log":7,"minecraft:orange_tulip":2,"minecraft:stone_brick_stairs":9,"minecraft:grass":139,"minecraft:cracked_deepslate_tiles":21,"minecraft:oak_log":4,"minecraft:dirt":4,"minecraft:stonecutter":4,"minecraft:deepslate":23,"minecraft:light_blue_stained_glass_pane":1,"create:zinc_ore":1,"minecraft:deepslate_tiles":37,"alexscaves:spelunkery_table":1,"minecraft:deepslate_diamond_ore":27,"minecraft:allium":10,"minecraft:spruce_fence":76,"minecraft:spruce_leaves":27,"minecraft:moss_block":5,"minecraft:cartography_table":1,"minecraft:large_fern":4,"minecraft:hay_block":2,"minecraft:deepslate_brick_slab":12,"minecraft:spruce_sapling":5,"minecraft:furnace":24,"minecraft:stripped_spruce_log":42,"minecraft:bookshelf":82,"minecraft:potatoes":48,"minecraft:deepslate_iron_ore":8,"minecraft:lantern":9,"minecraft:stone":21,"minecraft:white_wool":2,"minecraft:podzol":1,"minecraft:smithing_table":5,"minecraft:spruce_door":14,"minecraft:dandelion":2,"minecraft:crafting_table":12,"minecraft:cornflower":4,"minecraft:lectern":12,"minecraft:campfire":1,"minecraft:tall_grass":28,"minecraft:copper_ore":32,"minecraft:cracked_deepslate_bricks":20,"minecraft:big_dripleaf":1,"minecraft:spruce_stairs":75,"minecraft:light_blue_bed":1,"minecraft:cobblestone_wall":3,"minecraft:spruce_log":5253,"minecraft:coal_ore":61,"minecraft:gravel":238,"minecraft:spruce_fence_gate":3,"minecraft:fern":15},"minecraft:dropped":{"minecraft:spruce_sign":6,"minecraft:iron_sword":3,"minecraft:moss_block":5,"minecraft:diamond_axe":1,"minecraft:glass_bottle":1,"minecraft:crafting_table":1,"minecraft:crossbow":1,"minecraft:leather":5,"minecraft:leather_helmet":3,"minecraft:cod":3,"minecraft:flint":5,"minecraft:emerald":2,"minecraft:dirt":1,"minecraft:large_fern":2,"minecraft:sand":64,"minecraft:iron_pickaxe":1,"minecraft:birch_log":3,"minecraft:white_wool":2,"minecraft:bone":2,"minecraft:blackstone":3,"minecraft:golden_chestplate":1,"minecraft:cobbled_deepslate":5,"alexsmobs:animal_dictionary":1,"minecraft:birch_sapling":3,"minecraft:deepslate_brick_slab":12,"minecraft:rotten_flesh":5,"minecraft:fern":2,"minecraft:salmon":2,"minecraft:chainmail_chestplate":3,"minecraft:poppy":2,"minecraft:leather_chestplate":2,"minecraft:charcoal":3,"minecraft:leather_boots":1,"minecraft:spruce_slab":3,"minecraft:iron_bars":1,"minecraft:arrow":7,"minecraft:stone_brick_stairs":1,"argentinas_delight:pavallena":1,"minecraft:enchanted_book":5,"minecraft:stripped_spruce_log":1,"minecraft:wheat_seeds":15,"minecraft:deepslate_brick_wall":11,"minecraft:feather":5,"minecraft:cobblestone":1,"minecraft:coal":5,"minecraft:stick":21,"relics:roller_skates":2,"minecraft:torch":9,"minecraft:map":4,"minecraft:paper":9,"minecraft:spruce_sapling":33,"minecraft:dandelion":2,"minecraft:furnace":1,"minecraft:sweet_berries":42,"minecraft:cobblestone_wall":2,"minecraft:raw_copper":7,"minecraft:spruce_fence":1,"minecraft:pumpkin_seeds":53,"minecraft:deepslate_bricks":2,"minecraft:big_dripleaf":1,"minecraft:potato":167,"minecraft:allium":3,"minecraft:spruce_planks":44,"minecraft:oak_sapling":19,"easy_villagers:villager":5,"minecraft:bamboo":1,"minecraft:spruce_log":9,"minecraft:stone_pickaxe":1,"minecraft:cracked_deepslate_bricks":2,"minecraft:cooked_rabbit":2},"minecraft:custom":{"minecraft:animals_bred":8,"minecraft:interact_with_crafting_table":48,"minecraft:open_barrel":7,"minecraft:bell_ring":15,"minecraft:leave_game":11,"minecraft:time_since_death":242287,"minecraft:sprint_one_cm":881892,"minecraft:damage_blocked_by_shield":390,"minecraft:drop":154,"tombstone:eaten_lollipop":1,"minecraft:talked_to_villager":346,"minecraft:play_time":362303,"minecraft:deaths":8,"minecraft:jump":2833,"minecraft:interact_with_brewingstand":4,"minecraft:walk_on_water_one_cm":13172,"minecraft:interact_with_furnace":10,"minecraft:traded_with_villager":1070,"minecraft:interact_with_loom":1,"minecraft:sleep_in_bed":15,"minecraft:waystone_activated":1,"minecraft:damage_dealt":8190,"minecraft:player_kills":2,"minecraft:crouch_one_cm":36331,"tombstone:undead_killed":14,"minecraft:interact_with_smithing_table":3,"minecraft:interact_with_anvil":16,"minecraft:mob_kills":34,"minecraft:climb_one_cm":524,"minecraft:walk_one_cm":920455,"minecraft:sneak_time":9792,"minecraft:walk_under_water_one_cm":8226,"minecraft:interact_with_blast_furnace":1,"minecraft:total_world_time":362303,"minecraft:interact_with_grindstone":1,"minecraft:time_since_rest":28127,"minecraft:damage_taken":3361,"minecraft:swim_one_cm":11770,"minecraft:fly_one_cm":575094,"minecraft:open_chest":397,"minecraft:fall_one_cm":54745}},"DataVersion":3465}