{"stats":{"minecraft:crafted":{"minecraft:raw_iron":18,"minecraft:coal":9,"minecraft:furnace":1,"minecraft:bookshelf":12,"minecraft:raw_copper_block":11,"minecraft:chest":5,"minecraft:coal_block":2,"minecraft:diamond_axe":1,"minecraft:crafting_table":3,"minecraft:spruce_planks":504,"minecraft:bucket":1,"minecraft:birch_planks":24,"minecraft:stone_axe":1,"minecraft:air":0,"minecraft:spruce_trapdoor":2,"minecraft:diamond_pickaxe":1,"minecraft:stick":16,"minecraft:iron_ingot":9,"minecraft:iron_pickaxe":1,"minecraft:torch":8},"minecraft:picked_up":{"minecraft:charcoal":2,"minecraft:crafting_table":10,"minecraft:wheat":3,"minecraft:anvil":2,"minecraft:smithing_table":2,"alexscaves:cave_tablet":5,"minecraft:stone_brick_stairs":1,"minecraft:string":2,"minecraft:raw_copper":106,"alexsmobs:ancient_dart":1,"minecraft:large_fern":2,"minecraft:blackstone":4,"minecraft:deepslate_tiles":14,"minecraft:cartography_table":1,"minecraft:cobbled_deepslate":5,"minecraft:spruce_planks":186,"minecraft:spruce_slab":27,"minecraft:iron_nugget":21,"minecraft:iron_pickaxe":3,"minecraft:chest":46,"minecraft:coal_block":6,"minecraft:birch_sapling":3,"minecraft:spruce_trapdoor":16,"minecraft:furnace":22,"minecraft:stick":31,"minecraft:raw_iron":20,"minecraft:deepslate_brick_wall":43,"minecraft:big_dripleaf":1,"minecraft:torch":15,"minecraft:spruce_stairs":26,"minecraft:spruce_fence":46,"tombstone:grave_dust":2,"minecraft:golden_chestplate":2,"argentinas_delight:pavallena":1,"minecraft:cauldron":4,"easy_villagers:villager":3,"minecraft:arrow":10,"minecraft:rotten_flesh":4,"relics:horse_flute":1,"minecraft:deepslate_bricks":54,"minecraft:hay_block":2,"alexscaves:spelunkery_table":1,"minecraft:cracked_deepslate_bricks":14,"create:asurine":1,"minecraft:saddle":1,"minecraft:gold_ingot":18,"minecraft:deepslate_brick_stairs":18,"minecraft:cod":3,"minecraft:iron_bars":1,"minecraft:white_wool":2,"minecraft:cobblestone":20,"minecraft:cracked_deepslate_tiles":18,"minecraft:birch_log":13,"minecraft:leather_chestplate":1,"relics:roller_skates":1,"minecraft:feather":5,"minecraft:cooked_beef":4,"minecraft:salmon":2,"minecraft:fern":2,"minecraft:smoker":1,"minecraft:potato":81,"minecraft:flint":5,"alexsmobs:bear_fur":1,"create:raw_zinc":16,"minecraft:chainmail_chestplate":2,"minecraft:cobblestone_wall":1,"minecraft:map":7,"minecraft:dirt":3,"minecraft:paper":9,"minecraft:lantern":25,"minecraft:name_tag":1,"minecraft:leather_boots":2,"minecraft:bone":5,"minecraft:apple":12,"minecraft:stonecutter":3,"minecraft:wheat_seeds":1,"minecraft:wild_armor_trim_smithing_template":6,"minecraft:bell":1,"minecraft:grindstone":6,"minecraft:stone_pickaxe":1,"minecraft:iron_ingot":46,"minecraft:fletching_table":4,"minecraft:bamboo":1,"minecraft:moss_block":5,"minecraft:iron_sword":1,"minecraft:book":234,"minecraft:sweet_berries":42,"minecraft:spyglass":1,"minecraft:raw_iron_block":2,"minecraft:stripped_spruce_log":31,"minecraft:spruce_sapling":32,"minecraft:blast_furnace":9,"minecraft:white_bed":26,"minecraft:spruce_log":106,"argentinas_delight:yerbamate":1,"minecraft:spruce_door":14,"minecraft:barrel":5,"minecraft:leather_helmet":3,"gemsnjewels:sable_amethyst":1,"minecraft:spruce_fence_gate":1,"minecraft:pumpkin_seeds":53,"minecraft:diamond":110,"minecraft:spruce_sign":15,"minecraft:bread":60,"minecraft:emerald":24,"minecraft:oak_sapling":7,"minecraft:coal":64,"minecraft:ender_pearl":9},"minecraft:broken":{"minecraft:leather_helmet":1,"minecraft:golden_leggings":1,"minecraft:stone_axe":1},"minecraft:dropped":{"minecraft:spruce_sign":6,"minecraft:moss_block":5,"minecraft:wheat_seeds":1,"minecraft:glass_bottle":1,"minecraft:crafting_table":1,"minecraft:feather":5,"minecraft:leather_helmet":3,"minecraft:coal":5,"minecraft:cod":3,"minecraft:flint":5,"minecraft:stick":19,"relics:roller_skates":2,"minecraft:torch":9,"minecraft:large_fern":2,"minecraft:map":4,"minecraft:iron_pickaxe":1,"minecraft:paper":9,"minecraft:birch_log":3,"minecraft:white_wool":2,"minecraft:spruce_sapling":32,"minecraft:bone":2,"minecraft:furnace":1,"minecraft:sweet_berries":42,"minecraft:blackstone":3,"minecraft:golden_chestplate":1,"alexsmobs:animal_dictionary":1,"minecraft:cobbled_deepslate":5,"minecraft:raw_copper":7,"minecraft:birch_sapling":3,"minecraft:rotten_flesh":4,"minecraft:fern":2,"minecraft:salmon":2,"minecraft:pumpkin_seeds":53,"minecraft:chainmail_chestplate":3,"minecraft:big_dripleaf":1,"minecraft:leather_chestplate":2,"minecraft:spruce_planks":16,"minecraft:charcoal":3,"minecraft:leather_boots":1,"minecraft:oak_sapling":7,"easy_villagers:villager":4,"minecraft:bamboo":1,"minecraft:spruce_log":9,"minecraft:iron_bars":1,"minecraft:arrow":7,"minecraft:stone_pickaxe":1,"minecraft:stone_brick_stairs":1,"minecraft:cooked_rabbit":2,"argentinas_delight:pavallena":1},"minecraft:used":{"minecraft:spruce_planks":394,"minecraft:chest":51,"minecraft:shield":6,"minecraft:iron_sword":70,"minecraft:torch":17,"minecraft:furnace":1,"tombstone:gift":6,"minecraft:cooked_beef":7,"minecraft:birch_planks":6,"minecraft:stone_pickaxe":82,"minecraft:blackstone":1,"minecraft:diamond_axe":472,"minecraft:crafting_table":6,"minecraft:blast_furnace":1,"minecraft:white_bed":6,"relics:horse_flute":4,"easy_villagers:villager":12,"minecraft:diamond_pickaxe":23,"minecraft:bread":10,"minecraft:iron_pickaxe":390,"minecraft:spruce_trapdoor":2,"create:asurine":1,"minecraft:stone_axe":133,"minecraft:potion":1,"minecraft:birch_log":4,"minecraft:cooked_rabbit":1,"minecraft:bucket":1},"minecraft:custom":{"minecraft:mob_kills":19,"minecraft:interact_with_anvil":1,"minecraft:interact_with_crafting_table":25,"minecraft:open_barrel":7,"minecraft:bell_ring":10,"minecraft:leave_game":3,"minecraft:time_since_death":36990,"minecraft:climb_one_cm":524,"minecraft:sprint_one_cm":314725,"minecraft:walk_one_cm":337472,"minecraft:damage_blocked_by_shield":330,"minecraft:drop":99,"minecraft:talked_to_villager":17,"minecraft:play_time":116336,"minecraft:deaths":7,"minecraft:sneak_time":4101,"minecraft:walk_under_water_one_cm":7790,"minecraft:jump":1367,"minecraft:interact_with_blast_furnace":1,"minecraft:walk_on_water_one_cm":9248,"minecraft:total_world_time":116336,"minecraft:interact_with_furnace":6,"minecraft:interact_with_loom":1,"minecraft:sleep_in_bed":6,"minecraft:time_since_rest":7423,"minecraft:waystone_activated":1,"minecraft:damage_taken":2664,"minecraft:damage_dealt":4851,"minecraft:swim_one_cm":11770,"minecraft:fly_one_cm":263598,"minecraft:open_chest":129,"minecraft:crouch_one_cm":12192,"tombstone:undead_killed":11,"minecraft:fall_one_cm":30386},"minecraft:killed":{"minecraft:spider":1,"minecraft:vindicator":1,"alexsmobs:sugar_glider":1,"minecraft:skeleton":4,"alexsmobs:grizzly_bear":2,"minecraft:pillager":3,"minecraft:zombie":7},"minecraft:mined":{"create:zinc_ore":1,"minecraft:deepslate_tiles":37,"alexscaves:spelunkery_table":1,"create:deepslate_zinc_ore":10,"minecraft:spruce_planks":137,"minecraft:white_bed":26,"minecraft:deepslate_diamond_ore":27,"minecraft:red_nether_bricks":1,"gemsnjewels:sable_amethyst_ore_block":1,"minecraft:spruce_trapdoor":22,"argentinas_delight:hojasdemate":5,"minecraft:cave_vines_plant":2,"minecraft:allium":2,"minecraft:grass_block":3,"minecraft:spruce_fence":60,"minecraft:deepslate_bricks":58,"minecraft:coal_block":6,"minecraft:cartography_table":1,"minecraft:moss_block":5,"minecraft:spawner":13,"minecraft:large_fern":1,"minecraft:hay_block":2,"minecraft:raw_iron_block":2,"minecraft:furnace":22,"minecraft:barrel":5,"minecraft:iron_ore":12,"minecraft:fire":2,"minecraft:stripped_spruce_log":39,"minecraft:fletching_table":4,"minecraft:anvil":2,"argentinas_delight:ramasdematedeyerba":6,"create:asurine":1,"minecraft:bookshelf":80,"minecraft:deepslate_iron_ore":8,"argentinas_delight:basedearbolmate":1,"minecraft:iron_bars":10,"minecraft:lantern":2,"minecraft:deepslate_brick_stairs":12,"minecraft:stone":20,"minecraft:white_wool":2,"minecraft:spruce_slab":31,"minecraft:smithing_table":2,"minecraft:blackstone":5,"minecraft:deepslate_brick_wall":44,"minecraft:smoker":1,"minecraft:spruce_door":14,"gemsnjewels:zircon_deepslate_ore_block":3,"minecraft:crafting_table":10,"minecraft:torch":2,"minecraft:blast_furnace":8,"minecraft:chest":44,"minecraft:campfire":1,"minecraft:copper_ore":32,"minecraft:cobblestone":2,"minecraft:grindstone":6,"minecraft:cracked_deepslate_bricks":16,"minecraft:wall_torch":2,"minecraft:big_dripleaf":1,"minecraft:cauldron":4,"minecraft:spruce_stairs":30,"minecraft:cobblestone_wall":1,"minecraft:birch_log":7,"minecraft:spruce_log":68,"minecraft:stone_brick_stairs":1,"minecraft:cracked_deepslate_tiles":21,"minecraft:grass":13,"minecraft:coal_ore":61,"minecraft:spruce_fence_gate":3,"minecraft:stonecutter":3,"minecraft:fern":1,"minecraft:deepslate":23},"minecraft:killed_by":{"minecraft:player":2,"minecraft:spider":1,"minecraft:vindicator":1,"minecraft:skeleton":1,"minecraft:zombie":1,"alexsmobs:grizzly_bear":1}},"DataVersion":3465}