{"stats":{"minecraft:mined":{"create:deepslate_zinc_ore":62,"minecraft:spruce_planks":319,"minecraft:white_bed":46,"create:andesite_casing":18,"minecraft:red_nether_bricks":8,"gemsnjewels:sable_amethyst_ore_block":1,"minecraft:obsidian":2,"minecraft:spruce_trapdoor":60,"minecraft:cave_vines_plant":2,"argentinas_delight:hojasdemate":5,"minecraft:budding_amethyst":1,"minecraft:chiseled_polished_blackstone":2,"minecraft:grass_block":16,"minecraft:cracked_polished_blackstone_bricks":51,"minecraft:soul_soil":4,"minecraft:coal_block":6,"minecraft:deepslate_bricks":98,"minecraft:composter":4,"minecraft:nether_wart":1,"minecraft:spawner":23,"minecraft:gilded_blackstone":1,"minecraft:polished_blackstone_bricks":288,"minecraft:raw_iron_block":2,"minecraft:magma_block":203,"minecraft:red_nether_brick_stairs":2,"minecraft:cobbled_deepslate":2,"minecraft:iron_ore":15,"minecraft:barrel":5,"minecraft:fire":8,"minecraft:deepslate_lapis_ore":7,"minecraft:anvil":2,"minecraft:fletching_table":21,"argentinas_delight:ramasdematedeyerba":10,"create:asurine":1,"minecraft:dirt_path":1,"minecraft:iron_bars":11,"argentinas_delight:basedearbolmate":2,"stalwart_dungeons:soul_magma_bricks":1,"minecraft:deepslate_brick_stairs":70,"create:mechanical_press":1,"minecraft:spruce_slab":37,"minecraft:amethyst_cluster":13,"minecraft:brown_mushroom":7,"minecraft:soul_fire":9,"minecraft:blackstone":219,"minecraft:deepslate_brick_wall":122,"minecraft:smoker":1,"minecraft:crimson_nylium":36,"stalwart_dungeons:transient_block_close":2,"gemsnjewels:zircon_deepslate_ore_block":3,"minecraft:calcite":4,"minecraft:torch":4,"minecraft:blast_furnace":11,"minecraft:poppy":2,"minecraft:chest":54,"minecraft:white_stained_glass_pane":6,"minecraft:nether_brick_slab":3,"minecraft:cobblestone":2,"minecraft:nether_quartz_ore":127,"gemsnjewels:sable_amethyst_nether_ore_block":42,"minecraft:grindstone":6,"minecraft:wall_torch":2,"minecraft:amethyst_block":6,"minecraft:cauldron":4,"create:rope_pulley":1,"minecraft:birch_log":7,"minecraft:orange_tulip":2,"minecraft:stone_brick_stairs":15,"minecraft:grass":160,"minecraft:cracked_deepslate_tiles":24,"minecraft:oak_log":4,"create:hand_crank":1,"minecraft:dirt":9,"create:encased_chain_drive":18,"minecraft:smooth_basalt":1,"minecraft:stonecutter":4,"minecraft:netherrack":12188,"minecraft:ancient_debris":40,"minecraft:deepslate":2091,"create:zinc_ore":1,"minecraft:nether_gold_ore":36,"minecraft:light_blue_stained_glass_pane":6,"minecraft:deepslate_tiles":44,"alexscaves:spelunkery_table":1,"minecraft:tuff":372,"stalwart_dungeons:soul_bricks":31,"minecraft:deepslate_diamond_ore":128,"minecraft:nether_bricks":288,"minecraft:allium":10,"minecraft:spruce_fence":107,"minecraft:crimson_roots":1,"create:depot":1,"minecraft:cracked_nether_bricks":3,"minecraft:spruce_leaves":27,"minecraft:cartography_table":1,"minecraft:moss_block":5,"minecraft:large_fern":4,"minecraft:hay_block":9,"minecraft:deepslate_brick_slab":12,"create:shaft":2,"minecraft:spruce_sapling":5,"minecraft:furnace":24,"minecraft:polished_basalt":1,"minecraft:andesite":496,"minecraft:stripped_spruce_log":70,"minecraft:gold_block":16,"minecraft:nether_brick_fence":6,"minecraft:bookshelf":82,"minecraft:potatoes":48,"minecraft:deepslate_iron_ore":21,"minecraft:lantern":9,"minecraft:stone":172,"minecraft:white_wool":2,"minecraft:podzol":1,"minecraft:smithing_table":5,"minecraft:chiseled_nether_bricks":1,"minecraft:soul_sand":7,"minecraft:basalt":10,"minecraft:polished_blackstone_brick_wall":3,"minecraft:dandelion":2,"minecraft:spruce_door":14,"minecraft:crafting_table":12,"minecraft:cornflower":4,"minecraft:blackstone_slab":2,"gemsnjewels:kunzite_nether_ore_block":22,"minecraft:campfire":1,"minecraft:lectern":12,"minecraft:copper_ore":32,"minecraft:tall_grass":28,"minecraft:deepslate_gold_ore":7,"minecraft:cracked_deepslate_bricks":36,"stalwart_dungeons:tungsten_ore":39,"minecraft:big_dripleaf":1,"minecraft:spruce_stairs":84,"create:water_wheel_structure":1,"minecraft:light_blue_bed":1,"minecraft:cobblestone_wall":4,"minecraft:spruce_log":5386,"minecraft:coal_ore":85,"minecraft:gravel":238,"minecraft:spruce_fence_gate":4,"minecraft:polished_andesite":1,"create:andesite_encased_shaft":5,"minecraft:fern":18},"minecraft:custom":{"minecraft:animals_bred":15,"minecraft:interact_with_crafting_table":66,"minecraft:open_barrel":30,"minecraft:bell_ring":15,"minecraft:leave_game":21,"minecraft:time_since_death":142491,"minecraft:damage_resisted":88,"minecraft:sprint_one_cm":1376342,"minecraft:damage_blocked_by_shield":390,"minecraft:drop":321,"tombstone:eaten_lollipop":7,"minecraft:talked_to_villager":431,"minecraft:play_time":594640,"minecraft:deaths":11,"minecraft:jump":5865,"minecraft:interact_with_brewingstand":35,"minecraft:walk_on_water_one_cm":14758,"minecraft:interact_with_furnace":28,"minecraft:traded_with_villager":1471,"minecraft:interact_with_loom":1,"minecraft:sleep_in_bed":22,"minecraft:waystone_activated":1,"minecraft:damage_dealt":39229,"minecraft:player_kills":3,"minecraft:crouch_one_cm":79874,"tombstone:undead_killed":32,"minecraft:interact_with_smithing_table":12,"minecraft:interact_with_anvil":23,"minecraft:mob_kills":169,"minecraft:climb_one_cm":1344,"minecraft:walk_one_cm":1514008,"minecraft:strider_one_cm":45124,"minecraft:sneak_time":19244,"minecraft:walk_under_water_one_cm":8226,"minecraft:interact_with_blast_furnace":24,"minecraft:total_world_time":594640,"minecraft:interact_with_grindstone":2,"minecraft:time_since_rest":9847,"minecraft:damage_absorbed":47,"minecraft:damage_taken":8912,"tombstone:cast_on_ally":1,"minecraft:swim_one_cm":11770,"minecraft:fly_one_cm":1034981,"minecraft:open_chest":679,"minecraft:fall_one_cm":163306},"minecraft:dropped":{"minecraft:spruce_sign":6,"minecraft:iron_sword":3,"minecraft:soul_sand":5,"minecraft:moss_block":5,"stalwart_dungeons:soul_magma_bricks":1,"minecraft:diamond_axe":1,"minecraft:glass_bottle":2,"minecraft:crafting_table":1,"minecraft:netherite_upgrade_smithing_template":14,"minecraft:crossbow":1,"minecraft:leather":5,"minecraft:polished_blackstone_brick_wall":2,"minecraft:leather_helmet":3,"minecraft:item_frame":1,"minecraft:red_mushroom":1,"minecraft:cod":3,"minecraft:flint":5,"minecraft:emerald":2,"minecraft:cracked_polished_blackstone_bricks":9,"minecraft:dirt":9,"minecraft:large_fern":2,"minecraft:crimson_roots":8,"minecraft:cracked_deepslate_tiles":3,"minecraft:writable_book":1,"minecraft:gold_nugget":48,"minecraft:bone_block":6,"minecraft:sand":64,"minecraft:polished_blackstone_bricks":7,"minecraft:iron_pickaxe":1,"minecraft:birch_log":3,"minecraft:white_wool":2,"minecraft:bone":24,"minecraft:chiseled_polished_blackstone":2,"minecraft:blackstone":3,"alexsmobs:animal_dictionary":1,"minecraft:golden_chestplate":2,"minecraft:cobbled_deepslate":325,"minecraft:nether_brick":1,"minecraft:birch_sapling":3,"minecraft:obsidian":1,"minecraft:deepslate_brick_slab":12,"minecraft:rotten_flesh":5,"minecraft:fern":2,"relics:space_dissector":1,"minecraft:nether_brick_fence":14,"minecraft:salmon":2,"minecraft:chainmail_chestplate":3,"minecraft:poppy":2,"minecraft:leather_chestplate":2,"alexsmobs:blood_sac":3,"minecraft:deepslate_tiles":7,"minecraft:charcoal":3,"minecraft:leather_boots":1,"stalwart_dungeons:transient_block_close":2,"minecraft:spruce_slab":3,"minecraft:red_nether_bricks":27,"minecraft:basalt":6,"minecraft:iron_bars":2,"minecraft:arrow":9,"minecraft:cracked_nether_bricks":3,"minecraft:quartz":65,"minecraft:stone_brick_stairs":1,"minecraft:iron_ingot":1,"minecraft:splash_potion":2,"minecraft:netherrack":1890,"alexsmobs:mosquito_proboscis":2,"argentinas_delight:pavallena":1,"minecraft:enchanted_book":19,"minecraft:stripped_spruce_log":29,"minecraft:wheat_seeds":16,"minecraft:deepslate_brick_wall":69,"minecraft:golden_axe":2,"minecraft:feather":5,"minecraft:cobblestone":152,"minecraft:amethyst_block":10,"minecraft:spruce_stairs":9,"minecraft:coal":19,"minecraft:stick":21,"minecraft:spruce_fence_gate":2,"minecraft:deepslate_brick_stairs":4,"relics:roller_skates":2,"minecraft:torch":9,"minecraft:map":4,"minecraft:paper":9,"minecraft:spruce_sapling":33,"minecraft:dandelion":2,"minecraft:smooth_basalt":1,"minecraft:nether_brick_slab":6,"minecraft:furnace":1,"minecraft:sweet_berries":42,"minecraft:soul_soil":4,"minecraft:nether_wart":7,"minecraft:stone_sword":1,"minecraft:cobblestone_wall":3,"minecraft:raw_copper":7,"minecraft:tuff":4,"minecraft:raw_iron":8,"sophisticatedbackpacks:backpack":1,"minecraft:nether_bricks":92,"minecraft:spruce_fence":28,"minecraft:pumpkin_seeds":53,"minecraft:red_nether_brick_stairs":3,"minecraft:deepslate_bricks":39,"minecraft:big_dripleaf":1,"minecraft:potato":167,"minecraft:allium":3,"minecraft:spruce_trapdoor":4,"minecraft:spruce_planks":51,"minecraft:diamond_pickaxe":2,"minecraft:oak_sapling":19,"easy_villagers:villager":5,"minecraft:bamboo":1,"minecraft:spruce_log":9,"minecraft:stone_pickaxe":1,"minecraft:cracked_deepslate_bricks":2,"minecraft:magma_block":2,"minecraft:cooked_rabbit":2},"minecraft:picked_up":{"minecraft:wheat":3,"minecraft:nether_brick_fence":14,"cataclysm:monstrous_horn":1,"minecraft:anvil":2,"minecraft:smithing_table":5,"alexscaves:cave_tablet":11,"minecraft:enchanted_book":17,"minecraft:nether_brick":46,"minecraft:stone_brick_stairs":7,"minecraft:amethyst_block":10,"minecraft:golden_sword":1,"minecraft:soul_soil":4,"minecraft:string":13,"minecraft:raw_copper":106,"alexsmobs:ancient_dart":2,"minecraft:red_nether_bricks":27,"create:mechanical_press":1,"alexsmobs:blood_sac":3,"minecraft:deepslate_tiles":64,"minecraft:gold_nugget":181,"minecraft:cobbled_deepslate":993,"minecraft:bucket":1,"minecraft:spruce_planks":433,"minecraft:calcite":4,"minecraft:iron_pickaxe":7,"minecraft:coal_block":6,"minecraft:furnace":25,"minecraft:stick":473,"minecraft:deepslate_brick_wall":131,"minecraft:composter":4,"minecraft:big_dripleaf":1,"create:andesite_casing":18,"minecraft:torch":26,"minecraft:spruce_stairs":117,"minecraft:golden_axe":4,"tombstone:grave_dust":8,"argentinas_delight:pavallena":1,"minecraft:golden_chestplate":3,"minecraft:cauldron":4,"tombstone:lollipop":7,"stalwart_dungeons:soul_magma_bricks":1,"easy_villagers:villager":4,"minecraft:stone_sword":1,"minecraft:rotten_flesh":6,"relics:horse_flute":2,"create:asurine":1,"minecraft:bookshelf":12,"minecraft:blaze_rod":53,"minecraft:deepslate_brick_stairs":104,"minecraft:obsidian":2,"minecraft:iron_bars":6,"minecraft:cod":3,"minecraft:cobblestone":237,"minecraft:birch_log":13,"minecraft:magma_block":86,"relics:roller_skates":1,"minecraft:leather_chestplate":1,"minecraft:feather":5,"minecraft:cooked_beef":4,"minecraft:andesite":495,"minecraft:tuff":239,"create:rope_pulley":1,"minecraft:smoker":1,"minecraft:potato":326,"alexsmobs:bear_fur":2,"minecraft:flint":33,"create:raw_zinc":153,"minecraft:wither_skeleton_skull":2,"minecraft:lapis_lazuli":54,"minecraft:map":7,"minecraft:dirt":28,"minecraft:lantern":41,"create:encased_chain_drive":18,"minecraft:name_tag":2,"minecraft:leather_boots":2,"stalwart_dungeons:blaze_armor_scrap":11,"minecraft:bone":27,"minecraft:stonecutter":4,"minecraft:wheat_seeds":18,"minecraft:orange_tulip":2,"minecraft:deepslate_brick_slab":24,"minecraft:raw_gold":14,"minecraft:bell":1,"minecraft:grindstone":12,"create:shaft":6,"minecraft:fletching_table":21,"minecraft:bamboo":1,"minecraft:moss_block":5,"minecraft:chiseled_polished_blackstone":2,"create:cogwheel":1,"minecraft:poisonous_potato":1,"minecraft:stripped_spruce_log":93,"argentinas_delight:yerbamate":1,"minecraft:barrel":5,"minecraft:polished_andesite":1,"minecraft:spruce_fence_gate":5,"minecraft:diamond":316,"minecraft:writable_book":1,"minecraft:polished_blackstone_button":1,"minecraft:cracked_polished_blackstone_bricks":51,"minecraft:crossbow":2,"minecraft:golden_apple":1,"minecraft:emerald":50,"minecraft:spruce_button":1,"minecraft:spruce_sign":16,"minecraft:bread":60,"minecraft:oak_sapling":19,"minecraft:netherrack":3610,"relics:space_dissector":1,"minecraft:crimson_roots":8,"minecraft:diamond_pickaxe":3,"minecraft:crafting_table":18,"minecraft:charcoal":2,"minecraft:allium":14,"minecraft:nether_wart":8,"minecraft:brown_mushroom":8,"minecraft:gold_block":16,"stalwart_dungeons:soul_bricks":26,"minecraft:shield":4,"minecraft:cornflower":4,"minecraft:large_fern":2,"minecraft:item_frame":1,"minecraft:compass":1,"minecraft:blackstone":72,"minecraft:cartography_table":2,"minecraft:beef":18,"minecraft:iron_nugget":42,"minecraft:poppy":2,"minecraft:spruce_slab":32,"minecraft:lectern":12,"minecraft:chest":58,"minecraft:birch_sapling":3,"minecraft:spruce_trapdoor":50,"minecraft:raw_iron":75,"minecraft:copper_ingot":42,"minecraft:spruce_fence":83,"sophisticatedbackpacks:backpack":1,"gemsnjewels:kunzite":57,"minecraft:polished_blackstone_bricks":224,"minecraft:light_blue_bed":2,"minecraft:arrow":84,"stalwart_dungeons:raw_tungsten":58,"minecraft:nether_bricks":288,"handcrafted:fancy_painting":10,"minecraft:deepslate_bricks":94,"minecraft:hay_block":11,"create:depot":1,"alexscaves:spelunkery_table":2,"minecraft:cracked_deepslate_bricks":34,"minecraft:saddle":3,"minecraft:gold_ingot":20,"minecraft:white_wool":30,"minecraft:cracked_deepslate_tiles":21,"minecraft:basalt":9,"minecraft:salmon":2,"minecraft:fern":2,"minecraft:leather":11,"minecraft:blackstone_slab":1,"minecraft:red_mushroom":1,"minecraft:birch_planks":3,"minecraft:chainmail_chestplate":2,"minecraft:ancient_debris":40,"minecraft:cobblestone_wall":5,"minecraft:gunpowder":4,"alexsmobs:mosquito_proboscis":2,"minecraft:paper":9,"tombstone:gift":1,"minecraft:red_nether_brick_stairs":3,"cataclysm:infernal_forge":1,"minecraft:apple":30,"minecraft:wild_armor_trim_smithing_template":6,"minecraft:iron_ingot":98,"minecraft:stone_pickaxe":1,"minecraft:soul_sand":5,"minecraft:iron_sword":4,"minecraft:book":300,"stalwart_dungeons:transient_block_close":2,"gemsnjewels:enchanted_gold_ring":1,"minecraft:smooth_basalt":1,"create:large_water_wheel":1,"minecraft:sweet_berries":42,"minecraft:cracked_nether_bricks":3,"minecraft:quartz":165,"minecraft:dandelion":4,"minecraft:spyglass":2,"minecraft:raw_iron_block":2,"minecraft:gravel":210,"minecraft:amethyst_shard":106,"minecraft:spruce_sapling":651,"minecraft:blast_furnace":12,"minecraft:nether_brick_slab":6,"minecraft:white_bed":46,"minecraft:spruce_log":5364,"argentinas_delight:mateyerbaseca":1,"minecraft:spruce_door":14,"minecraft:leather_helmet":3,"gemsnjewels:sable_amethyst":102,"minecraft:pumpkin_seeds":60,"minecraft:diamond_axe":1,"minecraft:polished_blackstone_brick_wall":2,"tombstone:magic_scroll":1,"minecraft:baked_potato":2,"argentinas_delight:cuernodetoro":3,"minecraft:damaged_anvil":1,"minecraft:coal":193,"minecraft:ender_pearl":14},"minecraft:killed_by":{"minecraft:vindicator":1,"minecraft:zombie":1,"alexsmobs:grizzly_bear":1,"stalwart_dungeons:reinforced_blaze":2,"minecraft:player":2,"minecraft:spider":1,"minecraft:skeleton":1,"guardvillagers:guard":1},"minecraft:killed":{"guardvillagers:guard":5,"minecraft:zombified_piglin":3,"minecraft:spider":1,"cataclysm:netherite_monstrosity":1,"minecraft:skeleton":9,"minecraft:piglin_brute":11,"minecraft:piglin":35,"alexsmobs:grizzly_bear":2,"stalwart_dungeons:giddy_blaze":25,"minecraft:iron_golem":1,"minecraft:strider":1,"alexsmobs:crimson_mosquito":4,"minecraft:pillager":3,"minecraft:zombie":8,"stalwart_dungeons:incomplete_wither":2,"alexsmobs:terrapin":1,"minecraft:blaze":2,"minecraft:cow":6,"minecraft:vindicator":1,"alexsmobs:sugar_glider":1,"stalwart_dungeons:nether_wart_cocoon":9,"stalwart_dungeons:reinforced_blaze":13,"minecraft:hoglin":2,"minecraft:wither_skeleton":10,"minecraft:player":1,"minecraft:enderman":2},"minecraft:crafted":{"gemsnjewels:diamond_set_gold_ring":2,"minecraft:blaze_powder":30,"minecraft:stone":59,"minecraft:lever":1,"minecraft:bookshelf":43,"minecraft:suspicious_stew":13,"minecraft:glass":33,"minecraft:diamond_helmet":1,"minecraft:bow":1,"create:mechanical_press":1,"minecraft:tipped_arrow":120,"minecraft:chest":10,"minecraft:netherite_upgrade_smithing_template":42,"create:cogwheel":9,"create:depot":1,"minecraft:glass_bottle":9,"sophisticatedbackpacks:backpack":1,"minecraft:arrow":320,"minecraft:emerald":1270,"minecraft:diamond_axe":2,"minecraft:crafting_table":4,"minecraft:spruce_planks":21756,"minecraft:snout_armor_trim_smithing_template":16,"tombstone:decorative_grave_simple":1,"minecraft:fletching_table":14,"minecraft:birch_planks":24,"minecraft:apple":96,"minecraft:spruce_trapdoor":20,"minecraft:lectern":25,"minecraft:diamond_pickaxe":1,"create:water_wheel":3,"sophisticatedbackpacks:diamond_backpack":1,"minecraft:stick":39561,"minecraft:iron_ingot":32,"minecraft:iron_pickaxe":1,"minecraft:iron_block":4,"minecraft:gold_ingot":16,"create:large_cogwheel":13,"minecraft:netherite_ingot":11,"minecraft:golden_carrot":108,"minecraft:cookie":306,"minecraft:raw_iron":18,"minecraft:coal":72,"minecraft:iron_nugget":198,"minecraft:diamond_hoe":1,"minecraft:furnace":1,"minecraft:spruce_fence":63,"minecraft:white_carpet":6,"minecraft:raw_copper_block":11,"minecraft:spruce_stairs":16,"minecraft:spruce_slab":168,"minecraft:diamond_boots":1,"minecraft:netherite_scrap":41,"minecraft:wheat":180,"sophisticatedbackpacks:iron_backpack":1,"stalwart_dungeons:tungsten_ingot":58,"minecraft:coal_block":2,"create:andesite_alloy":99,"minecraft:diamond_sword":1,"minecraft:enchanting_table":1,"create:large_water_wheel":3,"sophisticatedbackpacks:gold_backpack":1,"minecraft:bucket":4,"minecraft:stone_axe":1,"minecraft:enchanted_book":38,"minecraft:bread":141,"minecraft:air":0,"minecraft:gold_nugget":9,"tombstone:dark_marble":3,"minecraft:anvil":1,"create:shaft":56,"minecraft:torch":8,"minecraft:diamond_chestplate":1},"minecraft:broken":{"minecraft:golden_leggings":1,"minecraft:stone_axe":1,"minecraft:golden_chestplate":1,"minecraft:leather_helmet":1,"minecraft:diamond_axe":1,"minecraft:leather_boots":1},"minecraft:used":{"minecraft:spruce_slab":60,"minecraft:poppy":6,"minecraft:diamond_hoe":48,"minecraft:chest":67,"minecraft:shield":7,"minecraft:iron_sword":88,"tombstone:lollipop":7,"minecraft:bell":1,"create:cogwheel":6,"minecraft:nether_bricks":161,"minecraft:allium":11,"create:depot":2,"cataclysm:infernal_forge":3,"tombstone:decorative_grave_simple":1,"minecraft:lava_bucket":1,"minecraft:lantern":29,"minecraft:light_blue_bed":2,"minecraft:stone_brick_stairs":5,"minecraft:bow":20,"create:shaft":6,"minecraft:furnace":2,"minecraft:potato":101,"minecraft:ender_pearl":1,"minecraft:stone_pickaxe":82,"minecraft:warped_fungus_on_a_stick":8,"minecraft:blackstone":2,"minecraft:composter":3,"minecraft:diamond_axe":6059,"minecraft:golden_apple":2,"stalwart_dungeons:soul_bricks":13,"minecraft:blast_furnace":4,"relics:horse_flute":4,"easy_villagers:villager":74,"minecraft:crying_obsidian":3,"minecraft:bread":58,"minecraft:lectern":24,"tombstone:grave_key":1,"create:asurine":1,"minecraft:gravel":237,"minecraft:diamond_sword":436,"create:large_cogwheel":2,"minecraft:grindstone":1,"minecraft:smithing_table":3,"minecraft:cooked_rabbit":1,"minecraft:birch_log":4,"minecraft:polished_blackstone_brick_slab":2,"minecraft:enchanting_table":1,"handcrafted:fancy_painting":10,"minecraft:spruce_planks":1462,"minecraft:netherrack":885,"minecraft:torch":20,"minecraft:dirt":10,"minecraft:anvil":3,"minecraft:white_carpet":6,"minecraft:spruce_stairs":15,"minecraft:spruce_fence":14,"minecraft:bookshelf":17,"alexscaves:spelunkery_table":1,"create:encased_chain_drive":1,"minecraft:golden_carrot":61,"minecraft:netherite_pickaxe":3486,"tombstone:gift":10,"minecraft:cooked_beef":7,"minecraft:cobbled_deepslate":8,"minecraft:calcite":4,"minecraft:water_bucket":7,"minecraft:birch_planks":6,"minecraft:glass_bottle":10,"minecraft:polished_andesite":1,"minecraft:cartography_table":1,"gemsnjewels:diamond_set_gold_ring":2,"minecraft:fletching_table":35,"minecraft:stonecutter":1,"minecraft:polished_blackstone_bricks":64,"minecraft:crafting_table":12,"minecraft:white_bed":32,"minecraft:spruce_log":19,"minecraft:diamond_pickaxe":13864,"minecraft:cornflower":2,"create:mechanical_press":2,"minecraft:cracked_polished_blackstone_bricks":42,"minecraft:netherite_axe":329,"minecraft:iron_pickaxe":390,"tombstone:magic_scroll":5,"minecraft:spruce_trapdoor":33,"minecraft:spruce_sapling":254,"create:large_water_wheel":3,"minecraft:stone_axe":133,"minecraft:cobblestone":31,"minecraft:potion":3,"minecraft:cooked_porkchop":1,"minecraft:bucket":9,"minecraft:dandelion":2,"minecraft:splash_potion":14}},"DataVersion":3465}