{"stats":{"minecraft:crafted":{"minecraft:raw_iron":18,"minecraft:coal":9,"minecraft:furnace":1,"minecraft:bookshelf":12,"minecraft:raw_copper_block":11,"minecraft:chest":5,"minecraft:coal_block":2,"minecraft:diamond_axe":1,"minecraft:crafting_table":2,"minecraft:spruce_planks":168,"minecraft:bucket":1,"minecraft:birch_planks":24,"minecraft:stone_axe":1,"minecraft:air":0,"minecraft:diamond_pickaxe":1,"minecraft:stick":16,"minecraft:iron_ingot":9,"minecraft:iron_pickaxe":1,"minecraft:torch":8},"minecraft:picked_up":{"minecraft:crafting_table":9,"minecraft:wheat":3,"minecraft:anvil":1,"minecraft:smithing_table":1,"alexscaves:cave_tablet":5,"minecraft:string":2,"minecraft:raw_copper":106,"alexsmobs:ancient_dart":1,"minecraft:large_fern":2,"minecraft:blackstone":4,"minecraft:cobbled_deepslate":5,"minecraft:spruce_planks":42,"minecraft:iron_nugget":21,"minecraft:iron_pickaxe":2,"minecraft:chest":31,"minecraft:coal_block":6,"minecraft:birch_sapling":3,"minecraft:furnace":18,"minecraft:stick":11,"minecraft:raw_iron":20,"minecraft:big_dripleaf":1,"minecraft:torch":15,"tombstone:grave_dust":2,"minecraft:golden_chestplate":2,"minecraft:cauldron":2,"easy_villagers:villager":3,"minecraft:arrow":6,"minecraft:rotten_flesh":4,"relics:horse_flute":1,"alexscaves:spelunkery_table":1,"create:asurine":1,"minecraft:gold_ingot":18,"minecraft:deepslate_brick_stairs":6,"minecraft:cod":3,"minecraft:iron_bars":1,"minecraft:white_wool":2,"minecraft:cobblestone":20,"minecraft:birch_log":13,"minecraft:cooked_beef":4,"minecraft:salmon":2,"minecraft:fern":1,"minecraft:smoker":1,"minecraft:potato":62,"alexsmobs:bear_fur":1,"create:raw_zinc":16,"minecraft:chainmail_chestplate":2,"minecraft:lantern":3,"minecraft:name_tag":1,"minecraft:leather_boots":2,"minecraft:bone":5,"minecraft:apple":8,"minecraft:stonecutter":2,"minecraft:wheat_seeds":1,"minecraft:wild_armor_trim_smithing_template":6,"minecraft:grindstone":2,"minecraft:stone_pickaxe":1,"minecraft:iron_ingot":46,"minecraft:fletching_table":2,"minecraft:bamboo":1,"minecraft:moss_block":5,"minecraft:iron_sword":1,"minecraft:book":144,"minecraft:sweet_berries":32,"minecraft:spyglass":1,"minecraft:raw_iron_block":2,"minecraft:spruce_sapling":22,"minecraft:blast_furnace":7,"minecraft:white_bed":22,"minecraft:spruce_log":39,"minecraft:barrel":4,"gemsnjewels:sable_amethyst":1,"minecraft:pumpkin_seeds":48,"minecraft:diamond":110,"minecraft:spruce_sign":14,"minecraft:bread":49,"minecraft:emerald":17,"minecraft:oak_sapling":7,"minecraft:coal":64,"minecraft:ender_pearl":9},"minecraft:broken":{"minecraft:leather_helmet":1,"minecraft:golden_leggings":1,"minecraft:stone_axe":1},"minecraft:dropped":{"minecraft:spruce_sign":6,"minecraft:moss_block":5,"minecraft:wheat_seeds":1,"minecraft:glass_bottle":1,"minecraft:crafting_table":1,"minecraft:coal":5,"minecraft:cod":3,"minecraft:stick":16,"relics:roller_skates":1,"minecraft:torch":9,"minecraft:large_fern":2,"minecraft:iron_pickaxe":1,"minecraft:birch_log":3,"minecraft:white_wool":2,"minecraft:spruce_sapling":22,"minecraft:bone":2,"minecraft:furnace":1,"minecraft:sweet_berries":32,"minecraft:blackstone":3,"minecraft:golden_chestplate":1,"alexsmobs:animal_dictionary":1,"minecraft:cobbled_deepslate":5,"minecraft:raw_copper":7,"minecraft:birch_sapling":3,"minecraft:rotten_flesh":4,"minecraft:fern":1,"minecraft:salmon":2,"minecraft:pumpkin_seeds":48,"minecraft:chainmail_chestplate":3,"minecraft:big_dripleaf":1,"minecraft:leather_chestplate":1,"minecraft:spruce_planks":16,"minecraft:charcoal":3,"minecraft:leather_boots":1,"minecraft:oak_sapling":7,"easy_villagers:villager":3,"minecraft:bamboo":1,"minecraft:iron_bars":1,"minecraft:stone_pickaxe":1,"minecraft:cooked_rabbit":2},"minecraft:used":{"minecraft:spruce_planks":63,"minecraft:chest":22,"minecraft:shield":6,"minecraft:iron_sword":70,"minecraft:torch":17,"minecraft:furnace":1,"tombstone:gift":6,"minecraft:cooked_beef":7,"minecraft:birch_planks":6,"minecraft:stone_pickaxe":82,"minecraft:blackstone":1,"minecraft:diamond_axe":2,"minecraft:crafting_table":5,"minecraft:blast_furnace":1,"minecraft:white_bed":2,"relics:horse_flute":4,"easy_villagers:villager":10,"minecraft:bread":3,"minecraft:iron_pickaxe":205,"create:asurine":1,"minecraft:stone_axe":133,"minecraft:potion":1,"minecraft:birch_log":4,"minecraft:cooked_rabbit":1,"minecraft:bucket":1},"minecraft:custom":{"minecraft:mob_kills":19,"minecraft:interact_with_anvil":1,"minecraft:interact_with_crafting_table":24,"minecraft:open_barrel":7,"minecraft:bell_ring":2,"minecraft:leave_game":3,"minecraft:time_since_death":990,"minecraft:climb_one_cm":524,"minecraft:sprint_one_cm":191529,"minecraft:walk_one_cm":206474,"minecraft:damage_blocked_by_shield":330,"minecraft:drop":76,"minecraft:talked_to_villager":3,"minecraft:play_time":80336,"minecraft:deaths":7,"minecraft:sneak_time":3782,"minecraft:walk_under_water_one_cm":7790,"minecraft:jump":836,"minecraft:interact_with_blast_furnace":1,"minecraft:walk_on_water_one_cm":8950,"minecraft:total_world_time":80336,"minecraft:interact_with_furnace":6,"minecraft:interact_with_loom":1,"minecraft:sleep_in_bed":2,"minecraft:time_since_rest":569,"minecraft:waystone_activated":1,"minecraft:damage_taken":2570,"minecraft:damage_dealt":4761,"minecraft:swim_one_cm":11770,"minecraft:fly_one_cm":143817,"minecraft:open_chest":97,"minecraft:crouch_one_cm":11661,"tombstone:undead_killed":11,"minecraft:fall_one_cm":19738},"minecraft:killed":{"minecraft:spider":1,"minecraft:vindicator":1,"alexsmobs:sugar_glider":1,"minecraft:skeleton":4,"alexsmobs:grizzly_bear":2,"minecraft:pillager":3,"minecraft:zombie":7},"minecraft:mined":{"create:zinc_ore":1,"alexscaves:spelunkery_table":1,"create:deepslate_zinc_ore":10,"minecraft:white_bed":22,"minecraft:deepslate_diamond_ore":27,"minecraft:red_nether_bricks":1,"gemsnjewels:sable_amethyst_ore_block":1,"argentinas_delight:hojasdemate":5,"minecraft:cave_vines_plant":2,"minecraft:allium":1,"minecraft:coal_block":6,"minecraft:moss_block":5,"minecraft:spawner":13,"minecraft:raw_iron_block":2,"minecraft:furnace":18,"minecraft:barrel":4,"minecraft:iron_ore":12,"minecraft:fire":2,"minecraft:fletching_table":2,"minecraft:anvil":1,"create:asurine":1,"minecraft:bookshelf":50,"minecraft:deepslate_iron_ore":8,"minecraft:iron_bars":10,"minecraft:stone":20,"minecraft:white_wool":2,"minecraft:smithing_table":1,"minecraft:blackstone":5,"minecraft:smoker":1,"gemsnjewels:zircon_deepslate_ore_block":3,"minecraft:crafting_table":9,"minecraft:torch":2,"minecraft:blast_furnace":6,"minecraft:chest":29,"minecraft:copper_ore":32,"minecraft:cobblestone":2,"minecraft:grindstone":2,"minecraft:wall_torch":2,"minecraft:big_dripleaf":1,"minecraft:cauldron":2,"minecraft:birch_log":7,"minecraft:spruce_log":9,"minecraft:grass":6,"minecraft:coal_ore":61,"minecraft:stonecutter":2,"minecraft:deepslate":23},"minecraft:killed_by":{"minecraft:player":2,"minecraft:spider":1,"minecraft:vindicator":1,"minecraft:skeleton":1,"minecraft:zombie":1,"alexsmobs:grizzly_bear":1}},"DataVersion":3465}