{"stats":{"minecraft:used":{"minecraft:crafting_table":1,"tombstone:gift":2},"minecraft:custom":{"minecraft:time_since_rest":5431,"minecraft:crouch_one_cm":72,"minecraft:play_time":5431,"minecraft:sprint_one_cm":66,"minecraft:walk_one_cm":6131,"minecraft:sneak_time":131,"minecraft:drop":1,"minecraft:jump":3,"minecraft:time_since_death":5431,"minecraft:total_world_time":5431,"minecraft:interact_with_crafting_table":8,"minecraft:fly_one_cm":182},"minecraft:picked_up":{"minecraft:birch_log":13,"minecraft:crafting_table":1,"minecraft:stone_pickaxe":1,"minecraft:birch_sapling":3},"minecraft:dropped":{"alexsmobs:animal_dictionary":1},"minecraft:crafted":{"minecraft:birch_planks":24,"minecraft:crafting_table":1,"minecraft:stick":4},"minecraft:mined":{"minecraft:grass":2,"minecraft:birch_log":7,"minecraft:crafting_table":1}},"DataVersion":3465}