{"stats":{"minecraft:killed_by":{"minecraft:vindicator":1,"minecraft:zombie":1,"alexsmobs:grizzly_bear":1,"stalwart_dungeons:reinforced_blaze":2,"minecraft:player":2,"minecraft:spider":1,"minecraft:skeleton":1,"guardvillagers:guard":1},"minecraft:killed":{"guardvillagers:guard":5,"minecraft:zombified_piglin":3,"minecraft:spider":1,"cataclysm:netherite_monstrosity":1,"minecraft:skeleton":4,"minecraft:piglin_brute":5,"minecraft:piglin":12,"alexsmobs:grizzly_bear":2,"stalwart_dungeons:giddy_blaze":24,"minecraft:iron_golem":1,"minecraft:strider":1,"alexsmobs:crimson_mosquito":1,"minecraft:pillager":3,"minecraft:zombie":7,"stalwart_dungeons:incomplete_wither":1,"minecraft:cow":6,"minecraft:vindicator":1,"alexsmobs:sugar_glider":1,"stalwart_dungeons:nether_wart_cocoon":7,"stalwart_dungeons:reinforced_blaze":13,"minecraft:player":1},"minecraft:mined":{"create:deepslate_zinc_ore":10,"minecraft:spruce_planks":249,"minecraft:white_bed":46,"minecraft:red_nether_bricks":2,"gemsnjewels:sable_amethyst_ore_block":1,"minecraft:spruce_trapdoor":56,"minecraft:cave_vines_plant":2,"argentinas_delight:hojasdemate":5,"minecraft:grass_block":8,"minecraft:cracked_polished_blackstone_bricks":42,"minecraft:coal_block":6,"minecraft:deepslate_bricks":61,"minecraft:composter":4,"minecraft:spawner":20,"minecraft:gilded_blackstone":1,"minecraft:polished_blackstone_bricks":71,"minecraft:raw_iron_block":2,"minecraft:magma_block":203,"minecraft:iron_ore":12,"minecraft:barrel":5,"minecraft:fire":6,"minecraft:anvil":2,"minecraft:fletching_table":21,"argentinas_delight:ramasdematedeyerba":10,"create:asurine":1,"minecraft:iron_bars":10,"argentinas_delight:basedearbolmate":2,"stalwart_dungeons:soul_magma_bricks":1,"minecraft:deepslate_brick_stairs":66,"minecraft:spruce_slab":37,"minecraft:soul_fire":9,"minecraft:blackstone":7,"minecraft:deepslate_brick_wall":63,"minecraft:smoker":1,"minecraft:crimson_nylium":11,"stalwart_dungeons:transient_block_close":2,"gemsnjewels:zircon_deepslate_ore_block":3,"minecraft:torch":4,"minecraft:blast_furnace":11,"minecraft:poppy":2,"minecraft:chest":54,"minecraft:cobblestone":2,"minecraft:nether_quartz_ore":126,"gemsnjewels:sable_amethyst_nether_ore_block":25,"minecraft:grindstone":6,"minecraft:wall_torch":2,"minecraft:cauldron":4,"minecraft:birch_log":7,"minecraft:orange_tulip":2,"minecraft:stone_brick_stairs":9,"minecraft:grass":139,"minecraft:cracked_deepslate_tiles":21,"minecraft:oak_log":4,"minecraft:dirt":4,"minecraft:stonecutter":4,"minecraft:netherrack":10426,"minecraft:ancient_debris":32,"minecraft:deepslate":23,"create:zinc_ore":1,"minecraft:nether_gold_ore":36,"minecraft:light_blue_stained_glass_pane":1,"minecraft:deepslate_tiles":37,"alexscaves:spelunkery_table":1,"stalwart_dungeons:soul_bricks":29,"minecraft:deepslate_diamond_ore":27,"minecraft:nether_bricks":262,"minecraft:allium":10,"minecraft:spruce_fence":76,"minecraft:crimson_roots":1,"minecraft:spruce_leaves":27,"minecraft:cartography_table":1,"minecraft:moss_block":5,"minecraft:large_fern":4,"minecraft:hay_block":2,"minecraft:deepslate_brick_slab":12,"minecraft:spruce_sapling":5,"minecraft:furnace":24,"minecraft:stripped_spruce_log":42,"minecraft:bookshelf":82,"minecraft:potatoes":48,"minecraft:deepslate_iron_ore":8,"minecraft:lantern":9,"minecraft:stone":21,"minecraft:white_wool":2,"minecraft:podzol":1,"minecraft:smithing_table":5,"minecraft:chiseled_nether_bricks":1,"minecraft:dandelion":2,"minecraft:spruce_door":14,"minecraft:crafting_table":12,"minecraft:cornflower":4,"minecraft:blackstone_slab":2,"gemsnjewels:kunzite_nether_ore_block":22,"minecraft:campfire":1,"minecraft:lectern":12,"minecraft:copper_ore":32,"minecraft:tall_grass":28,"minecraft:cracked_deepslate_bricks":20,"stalwart_dungeons:tungsten_ore":39,"minecraft:big_dripleaf":1,"minecraft:spruce_stairs":75,"minecraft:light_blue_bed":1,"minecraft:cobblestone_wall":3,"minecraft:spruce_log":5253,"minecraft:coal_ore":61,"minecraft:gravel":238,"minecraft:spruce_fence_gate":3,"minecraft:fern":15},"minecraft:dropped":{"minecraft:spruce_sign":6,"minecraft:iron_sword":3,"minecraft:moss_block":5,"stalwart_dungeons:soul_magma_bricks":1,"minecraft:diamond_axe":1,"minecraft:glass_bottle":1,"minecraft:crafting_table":1,"minecraft:crossbow":1,"minecraft:leather":5,"minecraft:leather_helmet":3,"minecraft:cod":3,"minecraft:flint":5,"minecraft:emerald":2,"minecraft:dirt":1,"minecraft:large_fern":2,"minecraft:crimson_roots":1,"minecraft:gold_nugget":5,"minecraft:sand":64,"minecraft:polished_blackstone_bricks":1,"minecraft:iron_pickaxe":1,"minecraft:birch_log":3,"minecraft:white_wool":2,"minecraft:bone":2,"minecraft:blackstone":3,"alexsmobs:animal_dictionary":1,"minecraft:golden_chestplate":2,"minecraft:cobbled_deepslate":5,"minecraft:birch_sapling":3,"minecraft:deepslate_brick_slab":12,"minecraft:rotten_flesh":5,"minecraft:fern":2,"minecraft:salmon":2,"minecraft:chainmail_chestplate":3,"minecraft:poppy":2,"minecraft:leather_chestplate":2,"minecraft:charcoal":3,"minecraft:leather_boots":1,"stalwart_dungeons:transient_block_close":2,"minecraft:spruce_slab":3,"minecraft:iron_bars":1,"minecraft:arrow":7,"minecraft:stone_brick_stairs":1,"minecraft:splash_potion":2,"minecraft:netherrack":290,"argentinas_delight:pavallena":1,"minecraft:enchanted_book":5,"minecraft:stripped_spruce_log":1,"minecraft:wheat_seeds":15,"minecraft:deepslate_brick_wall":11,"minecraft:golden_axe":1,"minecraft:feather":5,"minecraft:cobblestone":1,"minecraft:coal":5,"minecraft:stick":21,"relics:roller_skates":2,"minecraft:torch":9,"minecraft:map":4,"minecraft:paper":9,"minecraft:spruce_sapling":33,"minecraft:dandelion":2,"minecraft:furnace":1,"minecraft:sweet_berries":42,"minecraft:nether_wart":1,"minecraft:cobblestone_wall":2,"minecraft:raw_copper":7,"sophisticatedbackpacks:backpack":1,"minecraft:nether_bricks":65,"minecraft:spruce_fence":1,"minecraft:pumpkin_seeds":53,"minecraft:deepslate_bricks":2,"minecraft:big_dripleaf":1,"minecraft:potato":167,"minecraft:allium":3,"minecraft:spruce_planks":44,"minecraft:diamond_pickaxe":2,"minecraft:oak_sapling":19,"easy_villagers:villager":5,"minecraft:bamboo":1,"minecraft:spruce_log":9,"minecraft:stone_pickaxe":1,"minecraft:cracked_deepslate_bricks":2,"minecraft:magma_block":2,"minecraft:cooked_rabbit":2},"minecraft:broken":{"minecraft:golden_leggings":1,"minecraft:stone_axe":1,"minecraft:golden_chestplate":1,"minecraft:leather_helmet":1,"minecraft:diamond_axe":1,"minecraft:leather_boots":1},"minecraft:picked_up":{"minecraft:wheat":3,"cataclysm:monstrous_horn":1,"minecraft:anvil":2,"minecraft:smithing_table":5,"alexscaves:cave_tablet":11,"minecraft:enchanted_book":3,"minecraft:nether_brick":45,"minecraft:stone_brick_stairs":1,"minecraft:string":13,"minecraft:raw_copper":106,"alexsmobs:ancient_dart":2,"minecraft:deepslate_tiles":57,"minecraft:gold_nugget":134,"minecraft:cobbled_deepslate":5,"minecraft:bucket":1,"minecraft:spruce_planks":361,"minecraft:iron_pickaxe":7,"minecraft:coal_block":6,"minecraft:furnace":25,"minecraft:stick":473,"minecraft:deepslate_brick_wall":73,"minecraft:composter":4,"minecraft:big_dripleaf":1,"minecraft:torch":26,"minecraft:spruce_stairs":108,"minecraft:golden_axe":1,"tombstone:grave_dust":5,"argentinas_delight:pavallena":1,"minecraft:golden_chestplate":3,"minecraft:cauldron":4,"tombstone:lollipop":5,"stalwart_dungeons:soul_magma_bricks":1,"easy_villagers:villager":4,"minecraft:rotten_flesh":6,"relics:horse_flute":2,"create:asurine":1,"minecraft:bookshelf":12,"minecraft:blaze_rod":48,"minecraft:deepslate_brick_stairs":100,"minecraft:iron_bars":5,"minecraft:cod":3,"minecraft:cobblestone":86,"minecraft:birch_log":13,"minecraft:magma_block":86,"relics:roller_skates":1,"minecraft:leather_chestplate":1,"minecraft:feather":5,"minecraft:cooked_beef":4,"minecraft:smoker":1,"minecraft:potato":326,"alexsmobs:bear_fur":2,"minecraft:flint":33,"create:raw_zinc":38,"minecraft:map":7,"minecraft:dirt":15,"minecraft:lantern":34,"minecraft:name_tag":2,"minecraft:leather_boots":2,"stalwart_dungeons:blaze_armor_scrap":11,"minecraft:bone":5,"minecraft:stonecutter":4,"minecraft:wheat_seeds":17,"minecraft:orange_tulip":2,"minecraft:deepslate_brick_slab":24,"minecraft:bell":1,"minecraft:grindstone":12,"minecraft:fletching_table":21,"minecraft:bamboo":1,"minecraft:moss_block":5,"minecraft:poisonous_potato":1,"minecraft:stripped_spruce_log":65,"argentinas_delight:yerbamate":1,"minecraft:barrel":5,"minecraft:spruce_fence_gate":3,"minecraft:diamond":110,"minecraft:polished_blackstone_button":1,"minecraft:cracked_polished_blackstone_bricks":42,"minecraft:crossbow":2,"minecraft:golden_apple":1,"minecraft:emerald":50,"minecraft:spruce_button":1,"minecraft:spruce_sign":16,"minecraft:bread":60,"minecraft:oak_sapling":19,"minecraft:netherrack":3040,"minecraft:crimson_roots":1,"minecraft:diamond_pickaxe":2,"minecraft:crafting_table":18,"minecraft:charcoal":2,"minecraft:allium":14,"stalwart_dungeons:soul_bricks":24,"minecraft:shield":4,"minecraft:cornflower":4,"minecraft:large_fern":2,"minecraft:compass":1,"minecraft:blackstone":4,"minecraft:cartography_table":2,"minecraft:beef":18,"minecraft:iron_nugget":42,"minecraft:poppy":2,"minecraft:spruce_slab":32,"minecraft:lectern":12,"minecraft:chest":58,"minecraft:birch_sapling":3,"minecraft:spruce_trapdoor":46,"minecraft:raw_iron":45,"minecraft:copper_ingot":42,"minecraft:spruce_fence":56,"sophisticatedbackpacks:backpack":1,"gemsnjewels:kunzite":57,"minecraft:polished_blackstone_bricks":75,"minecraft:light_blue_bed":2,"minecraft:arrow":40,"stalwart_dungeons:raw_tungsten":58,"minecraft:nether_bricks":261,"minecraft:deepslate_bricks":57,"minecraft:hay_block":4,"alexscaves:spelunkery_table":2,"minecraft:cracked_deepslate_bricks":18,"minecraft:saddle":3,"minecraft:gold_ingot":19,"minecraft:white_wool":30,"minecraft:cracked_deepslate_tiles":18,"minecraft:salmon":2,"minecraft:fern":2,"minecraft:leather":11,"minecraft:blackstone_slab":1,"minecraft:birch_planks":3,"minecraft:chainmail_chestplate":2,"minecraft:ancient_debris":32,"minecraft:cobblestone_wall":4,"minecraft:gunpowder":4,"minecraft:paper":9,"cataclysm:infernal_forge":1,"minecraft:apple":30,"minecraft:wild_armor_trim_smithing_template":6,"minecraft:iron_ingot":86,"minecraft:stone_pickaxe":1,"minecraft:iron_sword":4,"minecraft:book":300,"stalwart_dungeons:transient_block_close":2,"gemsnjewels:enchanted_gold_ring":1,"minecraft:sweet_berries":42,"minecraft:quartz":164,"minecraft:dandelion":4,"minecraft:spyglass":2,"minecraft:raw_iron_block":2,"minecraft:gravel":210,"minecraft:spruce_sapling":651,"minecraft:blast_furnace":12,"minecraft:white_bed":46,"minecraft:spruce_log":5244,"argentinas_delight:mateyerbaseca":1,"minecraft:spruce_door":14,"minecraft:leather_helmet":3,"gemsnjewels:sable_amethyst":57,"minecraft:pumpkin_seeds":60,"minecraft:diamond_axe":1,"minecraft:baked_potato":2,"argentinas_delight:cuernodetoro":3,"minecraft:damaged_anvil":1,"minecraft:coal":128,"minecraft:ender_pearl":9},"minecraft:crafted":{"gemsnjewels:diamond_set_gold_ring":2,"minecraft:blaze_powder":30,"minecraft:stone":59,"minecraft:bookshelf":43,"minecraft:suspicious_stew":13,"minecraft:glass":33,"minecraft:diamond_helmet":1,"minecraft:bow":1,"minecraft:tipped_arrow":120,"minecraft:chest":10,"minecraft:glass_bottle":9,"sophisticatedbackpacks:backpack":1,"minecraft:arrow":320,"minecraft:emerald":1270,"minecraft:diamond_axe":2,"minecraft:crafting_table":4,"minecraft:spruce_planks":21452,"tombstone:decorative_grave_simple":1,"minecraft:fletching_table":14,"minecraft:birch_planks":24,"minecraft:apple":96,"minecraft:spruce_trapdoor":20,"minecraft:lectern":25,"minecraft:diamond_pickaxe":1,"sophisticatedbackpacks:diamond_backpack":1,"minecraft:stick":39557,"minecraft:iron_ingot":10,"minecraft:iron_pickaxe":1,"minecraft:iron_block":3,"minecraft:gold_ingot":7,"minecraft:netherite_ingot":2,"minecraft:golden_carrot":72,"minecraft:cookie":306,"minecraft:raw_iron":18,"minecraft:coal":72,"minecraft:diamond_hoe":1,"minecraft:furnace":1,"minecraft:spruce_fence":63,"minecraft:white_carpet":6,"minecraft:raw_copper_block":11,"minecraft:spruce_stairs":16,"minecraft:spruce_slab":168,"minecraft:diamond_boots":1,"minecraft:netherite_scrap":9,"minecraft:wheat":126,"sophisticatedbackpacks:iron_backpack":1,"stalwart_dungeons:tungsten_ingot":58,"minecraft:coal_block":2,"minecraft:diamond_sword":1,"minecraft:enchanting_table":1,"sophisticatedbackpacks:gold_backpack":1,"minecraft:bucket":4,"minecraft:stone_axe":1,"minecraft:enchanted_book":38,"minecraft:bread":141,"minecraft:air":0,"minecraft:gold_nugget":9,"tombstone:dark_marble":3,"minecraft:anvil":1,"minecraft:torch":8,"minecraft:diamond_chestplate":1},"minecraft:custom":{"minecraft:animals_bred":8,"minecraft:interact_with_crafting_table":54,"minecraft:open_barrel":7,"minecraft:bell_ring":15,"minecraft:leave_game":21,"minecraft:time_since_death":46461,"minecraft:damage_resisted":76,"minecraft:sprint_one_cm":1089443,"minecraft:damage_blocked_by_shield":390,"minecraft:drop":180,"tombstone:eaten_lollipop":5,"minecraft:talked_to_villager":429,"minecraft:play_time":498610,"minecraft:deaths":11,"minecraft:jump":4319,"minecraft:interact_with_brewingstand":35,"minecraft:walk_on_water_one_cm":13172,"minecraft:interact_with_furnace":28,"minecraft:traded_with_villager":1459,"minecraft:interact_with_loom":1,"minecraft:sleep_in_bed":21,"minecraft:waystone_activated":1,"minecraft:damage_dealt":25893,"minecraft:player_kills":3,"minecraft:crouch_one_cm":64882,"tombstone:undead_killed":15,"minecraft:interact_with_smithing_table":3,"minecraft:interact_with_anvil":23,"minecraft:mob_kills":107,"minecraft:climb_one_cm":1146,"minecraft:walk_one_cm":1260225,"minecraft:strider_one_cm":45124,"minecraft:sneak_time":16595,"minecraft:walk_under_water_one_cm":8226,"minecraft:interact_with_blast_furnace":11,"minecraft:total_world_time":498610,"minecraft:interact_with_grindstone":2,"minecraft:time_since_rest":44062,"minecraft:damage_taken":7151,"minecraft:swim_one_cm":11770,"minecraft:fly_one_cm":754430,"minecraft:open_chest":522,"minecraft:fall_one_cm":102471},"minecraft:used":{"minecraft:spruce_slab":60,"minecraft:poppy":6,"minecraft:diamond_hoe":48,"minecraft:chest":67,"minecraft:shield":7,"minecraft:iron_sword":88,"tombstone:lollipop":5,"minecraft:bell":1,"minecraft:nether_bricks":161,"minecraft:allium":11,"cataclysm:infernal_forge":3,"tombstone:decorative_grave_simple":1,"minecraft:lantern":29,"minecraft:light_blue_bed":2,"minecraft:bow":14,"minecraft:furnace":2,"minecraft:potato":101,"minecraft:stone_pickaxe":82,"minecraft:warped_fungus_on_a_stick":8,"minecraft:blackstone":1,"minecraft:composter":3,"minecraft:diamond_axe":6059,"stalwart_dungeons:soul_bricks":13,"minecraft:blast_furnace":4,"relics:horse_flute":4,"easy_villagers:villager":74,"minecraft:crying_obsidian":3,"minecraft:bread":58,"minecraft:lectern":24,"tombstone:grave_key":1,"create:asurine":1,"minecraft:gravel":237,"minecraft:diamond_sword":250,"minecraft:grindstone":1,"minecraft:smithing_table":3,"minecraft:cooked_rabbit":1,"minecraft:birch_log":4,"minecraft:enchanting_table":1,"minecraft:spruce_planks":1411,"minecraft:netherrack":481,"minecraft:torch":20,"minecraft:dirt":5,"minecraft:anvil":3,"minecraft:white_carpet":6,"minecraft:spruce_stairs":15,"minecraft:spruce_fence":14,"minecraft:bookshelf":17,"alexscaves:spelunkery_table":1,"minecraft:golden_carrot":30,"tombstone:gift":7,"minecraft:cooked_beef":7,"minecraft:water_bucket":3,"minecraft:birch_planks":6,"minecraft:glass_bottle":10,"minecraft:cartography_table":1,"gemsnjewels:diamond_set_gold_ring":2,"minecraft:fletching_table":35,"minecraft:stonecutter":1,"minecraft:polished_blackstone_bricks":64,"minecraft:crafting_table":12,"minecraft:white_bed":32,"minecraft:spruce_log":1,"minecraft:diamond_pickaxe":11492,"minecraft:cornflower":2,"minecraft:cracked_polished_blackstone_bricks":42,"minecraft:iron_pickaxe":390,"minecraft:spruce_trapdoor":33,"minecraft:spruce_sapling":254,"minecraft:stone_axe":133,"minecraft:cobblestone":31,"minecraft:potion":3,"minecraft:bucket":5,"minecraft:dandelion":2,"minecraft:splash_potion":12}},"DataVersion":3465}