{"stats":{"minecraft:mined":{"minecraft:white_bed":46,"create:andesite_casing":18,"minecraft:red_nether_bricks":8,"minecraft:obsidian":2,"minecraft:chiseled_polished_blackstone":2,"minecraft:deepslate_bricks":98,"minecraft:coal_block":6,"minecraft:nether_wart":1,"minecraft:spawner":23,"minecraft:polished_blackstone_bricks":288,"minecraft:magma_block":209,"minecraft:fire":39,"minecraft:barrel":5,"minecraft:cobbled_deepslate":2,"minecraft:fletching_table":22,"minecraft:deepslate_lapis_ore":7,"minecraft:dirt_path":1,"argentinas_delight:basedearbolmate":2,"stalwart_dungeons:soul_magma_bricks":1,"minecraft:deepslate_brick_stairs":70,"create:mechanical_press":1,"minecraft:brown_mushroom":7,"minecraft:crimson_nylium":41,"minecraft:smoker":1,"minecraft:deepslate_brick_wall":122,"minecraft:soul_fire":9,"minecraft:amethyst_cluster":13,"minecraft:torch":4,"minecraft:blast_furnace":11,"minecraft:white_stained_glass_pane":6,"minecraft:nether_brick_slab":3,"gemsnjewels:sable_amethyst_nether_ore_block":42,"minecraft:amethyst_block":6,"minecraft:stone_brick_stairs":15,"minecraft:grass":179,"create:hand_crank":1,"minecraft:smooth_basalt":1,"minecraft:stonecutter":4,"minecraft:deepslate":2091,"minecraft:deepslate_tiles":44,"minecraft:light_blue_stained_glass_pane":6,"create:zinc_ore":1,"stalwart_dungeons:soul_bricks":31,"minecraft:nether_bricks":288,"minecraft:allium":13,"minecraft:spruce_fence":107,"minecraft:crimson_roots":3,"create:encased_fan":2,"minecraft:moss_block":5,"minecraft:cartography_table":2,"create:shaft":3,"minecraft:andesite":496,"minecraft:potatoes":48,"ironchest:iron_chest":4,"minecraft:white_wool":2,"minecraft:smithing_table":5,"minecraft:chiseled_nether_bricks":1,"minecraft:soul_sand":7,"minecraft:polished_blackstone_brick_wall":3,"minecraft:dandelion":2,"minecraft:cornflower":4,"minecraft:campfire":1,"minecraft:tall_grass":30,"minecraft:copper_ore":32,"minecraft:deepslate_gold_ore":7,"minecraft:cracked_deepslate_bricks":36,"stalwart_dungeons:tungsten_ore":39,"minecraft:big_dripleaf":1,"create:water_wheel_structure":1,"minecraft:light_blue_bed":1,"minecraft:cobblestone_wall":4,"minecraft:spruce_log":5386,"minecraft:gravel":239,"minecraft:spruce_fence_gate":4,"minecraft:fern":18,"create:deepslate_zinc_ore":62,"minecraft:spruce_planks":356,"argentinas_delight:hoguerasinlena":1,"gemsnjewels:sable_amethyst_ore_block":1,"minecraft:brewing_stand":3,"minecraft:spruce_trapdoor":60,"minecraft:cave_vines_plant":2,"argentinas_delight:hojasdemate":5,"minecraft:budding_amethyst":1,"minecraft:grass_block":16,"minecraft:cracked_polished_blackstone_bricks":51,"minecraft:soul_soil":5,"minecraft:polished_blackstone_brick_slab":2,"minecraft:composter":4,"minecraft:gilded_blackstone":1,"minecraft:raw_iron_block":2,"minecraft:red_nether_brick_stairs":2,"minecraft:iron_ore":15,"minecraft:anvil":2,"argentinas_delight:ramasdematedeyerba":10,"create:asurine":1,"minecraft:iron_bars":11,"minecraft:spruce_slab":37,"minecraft:blackstone":219,"stalwart_dungeons:transient_block_close":2,"gemsnjewels:zircon_deepslate_ore_block":3,"minecraft:calcite":4,"minecraft:poppy":2,"minecraft:chest":66,"minecraft:nether_quartz_ore":134,"minecraft:cobblestone":2,"minecraft:grindstone":6,"minecraft:wall_torch":2,"minecraft:cauldron":4,"create:rope_pulley":1,"minecraft:birch_log":7,"minecraft:orange_tulip":2,"minecraft:cracked_deepslate_tiles":24,"minecraft:oak_log":4,"minecraft:dirt":9,"create:encased_chain_drive":19,"minecraft:ancient_debris":40,"minecraft:netherrack":13125,"minecraft:nether_gold_ore":39,"alexscaves:spelunkery_table":1,"minecraft:tuff":372,"minecraft:deepslate_diamond_ore":128,"minecraft:glow_lichen":1,"create:depot":1,"minecraft:spruce_leaves":27,"minecraft:cracked_nether_bricks":3,"minecraft:large_fern":4,"minecraft:hay_block":9,"minecraft:deepslate_brick_slab":12,"minecraft:furnace":24,"minecraft:spruce_sapling":5,"minecraft:polished_basalt":1,"create:scorchia":14,"minecraft:stripped_spruce_log":70,"minecraft:gold_block":16,"minecraft:nether_brick_fence":6,"minecraft:bookshelf":82,"minecraft:deepslate_iron_ore":21,"minecraft:lantern":9,"minecraft:stone":172,"minecraft:podzol":1,"minecraft:basalt":10,"minecraft:spruce_door":14,"minecraft:crafting_table":12,"minecraft:blackstone_slab":2,"gemsnjewels:kunzite_nether_ore_block":22,"minecraft:lectern":12,"minecraft:spruce_stairs":84,"minecraft:coal_ore":85,"minecraft:polished_andesite":1,"create:andesite_encased_shaft":5},"minecraft:custom":{"minecraft:interact_with_crafting_table":81,"minecraft:open_barrel":30,"minecraft:bell_ring":15,"minecraft:leave_game":21,"minecraft:time_since_death":244491,"minecraft:damage_blocked_by_shield":390,"tombstone:eaten_lollipop":7,"minecraft:play_time":696640,"minecraft:deaths":11,"minecraft:jump":6543,"minecraft:interact_with_furnace":28,"minecraft:traded_with_villager":1471,"minecraft:sleep_in_bed":24,"minecraft:waystone_activated":2,"minecraft:damage_dealt":39534,"tombstone:undead_killed":32,"minecraft:interact_with_smithing_table":12,"minecraft:interact_with_anvil":23,"minecraft:inspect_hopper":1,"minecraft:sneak_time":21141,"minecraft:interact_with_blast_furnace":24,"minecraft:total_world_time":696640,"minecraft:time_since_rest":30001,"tombstone:cast_on_ally":1,"minecraft:swim_one_cm":21025,"minecraft:fly_one_cm":1116844,"minecraft:open_chest":856,"minecraft:fall_one_cm":175059,"minecraft:animals_bred":28,"minecraft:damage_resisted":88,"minecraft:sprint_one_cm":1458232,"minecraft:drop":416,"minecraft:talked_to_villager":431,"minecraft:interact_with_brewingstand":35,"minecraft:walk_on_water_one_cm":19589,"minecraft:interact_with_loom":1,"minecraft:player_kills":4,"minecraft:crouch_one_cm":85296,"minecraft:mob_kills":170,"minecraft:climb_one_cm":1432,"minecraft:walk_one_cm":1651702,"minecraft:strider_one_cm":45124,"minecraft:walk_under_water_one_cm":9568,"minecraft:interact_with_grindstone":2,"minecraft:damage_taken":9175,"minecraft:damage_absorbed":47},"minecraft:dropped":{"minecraft:iron_sword":3,"minecraft:piston":2,"minecraft:glass_bottle":2,"minecraft:crafting_table":1,"minecraft:crossbow":1,"minecraft:leather_helmet":3,"minecraft:red_mushroom":8,"minecraft:item_frame":1,"minecraft:emerald":2,"minecraft:dirt":83,"minecraft:large_fern":2,"create:scorchia":14,"minecraft:cracked_deepslate_tiles":3,"minecraft:chain":8,"minecraft:gold_nugget":121,"minecraft:writable_book":1,"minecraft:bone_block":6,"minecraft:sand":66,"minecraft:iron_pickaxe":1,"minecraft:white_wool":22,"minecraft:bone":24,"minecraft:lever":1,"minecraft:golden_chestplate":2,"alexsmobs:animal_dictionary":1,"minecraft:cobbled_deepslate":325,"minecraft:nether_brick":1,"minecraft:birch_sapling":3,"minecraft:obsidian":57,"minecraft:deepslate_brick_slab":12,"minecraft:rotten_flesh":5,"minecraft:nether_brick_fence":14,"minecraft:salmon":2,"alexsmobs:blood_sac":3,"minecraft:deepslate_tiles":7,"minecraft:charcoal":3,"minecraft:leather_boots":1,"minecraft:spruce_slab":3,"stalwart_dungeons:transient_block_close":2,"minecraft:red_nether_bricks":27,"minecraft:glass":26,"minecraft:crying_obsidian":32,"minecraft:stone_brick_stairs":1,"minecraft:enchanted_book":19,"alexsmobs:mosquito_proboscis":2,"minecraft:iron_ingot":1,"minecraft:wheat_seeds":18,"minecraft:tnt":2,"minecraft:deepslate_brick_wall":69,"minecraft:feather":5,"minecraft:cobblestone":186,"minecraft:coal":19,"relics:roller_skates":2,"minecraft:lodestone":3,"minecraft:paper":9,"create:raw_zinc":244,"minecraft:spruce_sapling":36,"minecraft:furnace":1,"minecraft:soul_soil":5,"minecraft:stone_sword":1,"minecraft:cobblestone_wall":3,"sophisticatedbackpacks:backpack":1,"minecraft:nether_bricks":92,"minecraft:spruce_fence":28,"minecraft:pumpkin_seeds":53,"minecraft:big_dripleaf":1,"minecraft:potato":167,"minecraft:allium":3,"minecraft:spruce_trapdoor":4,"minecraft:spruce_planks":198,"minecraft:diamond_pickaxe":2,"easy_villagers:villager":5,"minecraft:bamboo":1,"minecraft:magma_block":200,"minecraft:cooked_rabbit":2,"minecraft:spruce_sign":8,"minecraft:soul_sand":5,"minecraft:moss_block":5,"stalwart_dungeons:soul_magma_bricks":1,"minecraft:diamond_axe":1,"minecraft:netherite_upgrade_smithing_template":14,"minecraft:leather":5,"minecraft:polished_blackstone_brick_wall":2,"minecraft:cod":3,"minecraft:flint":5,"minecraft:cracked_polished_blackstone_bricks":9,"minecraft:cornflower":1,"minecraft:crimson_roots":10,"ironchest:iron_chest":1,"minecraft:polished_blackstone_bricks":7,"minecraft:birch_log":3,"minecraft:gravel":48,"minecraft:chiseled_polished_blackstone":2,"minecraft:blackstone":3,"minecraft:fern":2,"relics:space_dissector":1,"minecraft:chainmail_chestplate":3,"minecraft:poppy":2,"minecraft:leather_chestplate":2,"minecraft:basalt":6,"minecraft:iron_bars":2,"minecraft:arrow":9,"minecraft:cracked_nether_bricks":3,"minecraft:quartz":80,"minecraft:splash_potion":2,"minecraft:netherrack":4330,"argentinas_delight:pavallena":1,"minecraft:stripped_spruce_log":29,"minecraft:mossy_cobblestone":4,"minecraft:golden_axe":2,"minecraft:amethyst_block":10,"minecraft:spruce_stairs":9,"minecraft:stick":22,"minecraft:spruce_fence_gate":2,"minecraft:deepslate_brick_stairs":4,"minecraft:torch":9,"minecraft:map":4,"minecraft:polished_blackstone_brick_slab":2,"minecraft:dandelion":2,"minecraft:smooth_basalt":1,"minecraft:nether_brick_slab":6,"minecraft:sweet_berries":42,"minecraft:nether_wart":7,"minecraft:raw_copper":7,"minecraft:tuff":4,"minecraft:raw_iron":8,"minecraft:red_nether_brick_stairs":3,"minecraft:deepslate_bricks":39,"minecraft:oak_sapling":19,"minecraft:spruce_log":10,"minecraft:stone_pickaxe":1,"minecraft:cracked_deepslate_bricks":2,"minecraft:calcite":12},"minecraft:picked_up":{"minecraft:iron_chestplate":1,"minecraft:chainmail_boots":13,"minecraft:suspicious_stew":13,"minecraft:anvil":2,"minecraft:smithing_table":7,"minecraft:lead":1,"minecraft:diamond_sword":1,"advancednetherite:netherite_diamond_ingot":2,"minecraft:enchanted_book":22,"minecraft:brewing_stand":3,"minecraft:golden_sword":1,"minecraft:amethyst_block":10,"minecraft:string":30,"argentinas_delight:parrilla":1,"minecraft:soul_soil":5,"minecraft:red_nether_bricks":27,"minecraft:gold_nugget":334,"minecraft:cobbled_deepslate":1053,"minecraft:spruce_planks":876,"minecraft:enchanted_golden_apple":1,"minecraft:coal_block":6,"relics:blazing_flask":1,"minecraft:polished_blackstone_brick_slab":2,"minecraft:composter":5,"minecraft:big_dripleaf":1,"create:andesite_casing":18,"minecraft:golden_axe":4,"minecraft:golden_chestplate":3,"minecraft:cauldron":9,"stalwart_dungeons:soul_magma_bricks":2,"easy_villagers:villager":4,"minecraft:stone_sword":1,"relics:horse_flute":3,"minecraft:glowstone":12,"minecraft:bookshelf":12,"minecraft:blaze_rod":93,"minecraft:iron_bars":6,"minecraft:birch_log":13,"minecraft:magma_block":301,"minecraft:cooked_beef":4,"minecraft:feather":5,"create:rope_pulley":1,"minecraft:smoker":2,"minecraft:flint":46,"minecraft:map":10,"minecraft:lantern":62,"create:encased_chain_drive":19,"stalwart_dungeons:blaze_armor_scrap":23,"minecraft:stonecutter":6,"create:shaft":7,"minecraft:moss_block":5,"minecraft:chiseled_polished_blackstone":2,"minecraft:stripped_spruce_log":93,"minecraft:fermented_spider_eye":5,"argentinas_delight:yerbamate":1,"alexsmobs:animal_dictionary":1,"minecraft:barrel":10,"minecraft:snout_armor_trim_smithing_template":2,"minecraft:polished_andesite":1,"minecraft:lever":3,"minecraft:writable_book":1,"minecraft:chainmail_helmet":1,"minecraft:spruce_button":65,"minecraft:bread":60,"minecraft:crimson_roots":13,"minecraft:diamond_pickaxe":3,"minecraft:crafting_table":21,"minecraft:nether_wart":70,"minecraft:cornflower":6,"minecraft:netherite_scrap":3,"minecraft:compass":2,"create:scorchia":14,"minecraft:iron_shovel":2,"minecraft:glass_pane":8,"minecraft:cartography_table":3,"minecraft:beef":40,"minecraft:iron_nugget":63,"minecraft:poppy":2,"minecraft:spruce_slab":93,"minecraft:chest":70,"minecraft:birch_sapling":3,"minecraft:piston":4,"minecraft:diamond_hoe":1,"minecraft:stone":112,"ironchest:iron_chest":5,"sophisticatedbackpacks:backpack":1,"minecraft:spruce_fence":205,"minecraft:carrot":4,"minecraft:redstone":18,"minecraft:tnt":4,"minecraft:diamond_boots":1,"minecraft:deepslate_bricks":124,"minecraft:hay_block":34,"handcrafted:fancy_painting":10,"minecraft:cracked_deepslate_bricks":74,"create:depot":1,"minecraft:gold_ingot":52,"minecraft:white_wool":70,"minecraft:fern":2,"minecraft:blackstone_slab":2,"minecraft:red_mushroom":15,"minecraft:ancient_debris":40,"alexsmobs:mosquito_proboscis":2,"minecraft:paper":9,"tombstone:gift":1,"minecraft:apple":144,"minecraft:stone_bricks":1,"minecraft:wild_armor_trim_smithing_template":10,"minecraft:stone_pickaxe":1,"minecraft:iron_sword":9,"minecraft:smooth_basalt":1,"minecraft:sweet_berries":47,"minecraft:cracked_nether_bricks":3,"minecraft:spyglass":3,"minecraft:gravel":282,"minecraft:spruce_sapling":922,"minecraft:spruce_log":5426,"minecraft:crying_obsidian":48,"argentinas_delight:mateyerbaseca":1,"minecraft:leather_helmet":3,"gemsnjewels:sable_amethyst":176,"minecraft:diamond_axe":1,"minecraft:polished_blackstone_brick_wall":2,"minecraft:lodestone":4,"minecraft:baked_potato":4,"minecraft:melon_seeds":2,"minecraft:ender_pearl":14,"minecraft:wheat":28,"cataclysm:monstrous_horn":2,"minecraft:nether_brick_fence":14,"alexscaves:cave_tablet":26,"minecraft:potion":2,"minecraft:nether_brick":91,"minecraft:stone_brick_stairs":7,"minecraft:raw_copper":141,"alexsmobs:ancient_dart":3,"minecraft:armor_stand":2,"minecraft:sea_pickle":1,"minecraft:deepslate_tiles":64,"alexsmobs:blood_sac":5,"create:mechanical_press":1,"minecraft:bucket":1,"minecraft:calcite":22,"minecraft:iron_pickaxe":11,"minecraft:furnace":48,"minecraft:stick":475,"minecraft:deepslate_brick_wall":132,"minecraft:torch":26,"minecraft:spruce_stairs":263,"tombstone:grave_dust":17,"argentinas_delight:pavallena":1,"tombstone:lollipop":7,"minecraft:rotten_flesh":7,"create:asurine":22,"minecraft:deepslate_brick_stairs":168,"minecraft:obsidian":114,"minecraft:cod":3,"minecraft:blaze_powder":40,"minecraft:cobblestone":364,"minecraft:leather_chestplate":1,"relics:roller_skates":2,"minecraft:magma_cream":27,"minecraft:andesite":495,"minecraft:potato":372,"alexsmobs:bear_fur":3,"create:raw_zinc":297,"minecraft:tuff":244,"minecraft:wither_skeleton_skull":4,"minecraft:lapis_lazuli":149,"minecraft:dirt":139,"minecraft:name_tag":5,"minecraft:leather_boots":3,"minecraft:glass":51,"minecraft:bone":30,"minecraft:orange_tulip":4,"minecraft:wheat_seeds":237,"minecraft:deepslate_brick_slab":36,"minecraft:raw_gold":45,"minecraft:bell":1,"minecraft:grindstone":17,"minecraft:mossy_stone_bricks":1,"minecraft:fletching_table":23,"minecraft:bamboo":1,"minecraft:ghast_tear":5,"create:cogwheel":1,"minecraft:poisonous_potato":2,"minecraft:sand":3,"minecraft:nether_brick_stairs":1,"minecraft:mossy_cobblestone":6,"minecraft:spruce_fence_gate":6,"minecraft:diamond":350,"minecraft:polished_blackstone_button":2,"minecraft:cracked_polished_blackstone_bricks":51,"minecraft:crossbow":6,"minecraft:golden_apple":3,"minecraft:spruce_sign":33,"minecraft:emerald":52,"minecraft:oak_sapling":19,"minecraft:netherrack":7208,"relics:space_dissector":1,"minecraft:cocoa_beans":4,"minecraft:charcoal":4,"minecraft:allium":20,"minecraft:ladder":49,"minecraft:brown_mushroom":14,"minecraft:gold_block":30,"stalwart_dungeons:soul_bricks":38,"minecraft:chain":12,"minecraft:shield":9,"minecraft:large_fern":2,"minecraft:item_frame":1,"minecraft:blackstone":136,"minecraft:sugar_cane":7,"minecraft:lectern":12,"minecraft:spruce_trapdoor":100,"minecraft:raw_iron":75,"minecraft:copper_ingot":103,"gemsnjewels:kunzite":114,"minecraft:polished_blackstone_bricks":234,"minecraft:cookie":262,"minecraft:light_blue_bed":2,"create:zinc_ingot":122,"minecraft:arrow":134,"stalwart_dungeons:raw_tungsten":58,"minecraft:nether_bricks":400,"alexscaves:spelunkery_table":2,"minecraft:saddle":6,"minecraft:cracked_deepslate_tiles":38,"minecraft:basalt":9,"minecraft:golden_carrot":8,"minecraft:salmon":2,"minecraft:leather":29,"minecraft:birch_planks":3,"minecraft:chainmail_chestplate":2,"minecraft:gunpowder":10,"minecraft:cobblestone_wall":7,"cataclysm:infernal_forge":2,"minecraft:red_nether_brick_stairs":3,"minecraft:iron_ingot":98,"minecraft:soul_sand":5,"stalwart_dungeons:transient_block_close":2,"minecraft:book":300,"gemsnjewels:enchanted_gold_ring":1,"create:large_water_wheel":1,"minecraft:pitcher_plant":1,"minecraft:quartz":321,"minecraft:dandelion":4,"minecraft:raw_iron_block":2,"minecraft:amethyst_shard":208,"minecraft:blast_furnace":19,"minecraft:white_bed":46,"minecraft:nether_brick_slab":6,"minecraft:mossy_stone_brick_slab":1,"minecraft:spruce_door":39,"alexsmobs:raw_catfish":3,"minecraft:pumpkin_seeds":67,"minecraft:iron_helmet":9,"create:encased_fan":2,"tombstone:magic_scroll":1,"argentinas_delight:cuernodetoro":6,"minecraft:damaged_anvil":1,"minecraft:coal":303},"minecraft:killed_by":{"minecraft:vindicator":1,"minecraft:zombie":1,"alexsmobs:grizzly_bear":1,"stalwart_dungeons:reinforced_blaze":2,"minecraft:player":2,"minecraft:spider":1,"minecraft:skeleton":1,"guardvillagers:guard":1},"minecraft:killed":{"guardvillagers:guard":5,"minecraft:skeleton":9,"stalwart_dungeons:giddy_blaze":25,"minecraft:iron_golem":1,"minecraft:pillager":3,"minecraft:zombie":8,"stalwart_dungeons:incomplete_wither":2,"minecraft:cow":6,"minecraft:vindicator":1,"stalwart_dungeons:nether_wart_cocoon":9,"alexsmobs:catfish":1,"minecraft:enderman":2,"minecraft:zombified_piglin":3,"minecraft:spider":1,"cataclysm:netherite_monstrosity":1,"minecraft:piglin_brute":11,"minecraft:piglin":35,"alexsmobs:grizzly_bear":2,"minecraft:strider":1,"alexsmobs:crimson_mosquito":4,"alexsmobs:terrapin":1,"minecraft:blaze":2,"alexsmobs:sugar_glider":1,"stalwart_dungeons:reinforced_blaze":13,"minecraft:hoglin":2,"minecraft:wither_skeleton":10,"minecraft:player":1},"minecraft:crafted":{"minecraft:blaze_powder":30,"minecraft:lever":2,"minecraft:bookshelf":43,"minecraft:glass":33,"minecraft:diamond_helmet":1,"create:mechanical_press":1,"minecraft:tipped_arrow":120,"create:cogwheel":9,"minecraft:glass_bottle":9,"minecraft:emerald":1270,"minecraft:diamond_axe":2,"minecraft:snout_armor_trim_smithing_template":16,"minecraft:fletching_table":14,"minecraft:hay_block":6,"create:encased_fan":1,"minecraft:lectern":25,"minecraft:iron_pickaxe":1,"minecraft:iron_block":4,"minecraft:gold_ingot":16,"create:large_cogwheel":13,"create:propeller":1,"minecraft:netherite_ingot":11,"minecraft:golden_carrot":108,"minecraft:iron_nugget":198,"minecraft:diamond_hoe":1,"easy_villagers:iron_farm":8,"minecraft:spruce_fence":63,"minecraft:white_carpet":6,"minecraft:spruce_stairs":16,"minecraft:ladder":51,"minecraft:spruce_slab":168,"minecraft:diamond_boots":1,"minecraft:wheat":243,"minecraft:coal_block":2,"ironchest:wood_to_iron_chest_upgrade":15,"minecraft:enchanting_table":1,"sophisticatedbackpacks:gold_backpack":1,"minecraft:enchanted_book":38,"create:shaft":56,"gemsnjewels:diamond_set_gold_ring":2,"minecraft:stone":59,"minecraft:suspicious_stew":13,"minecraft:hopper":8,"minecraft:bow":1,"minecraft:chest":18,"minecraft:netherite_upgrade_smithing_template":42,"create:depot":1,"minecraft:arrow":320,"sophisticatedbackpacks:backpack":1,"minecraft:crafting_table":5,"minecraft:spruce_planks":21760,"tombstone:decorative_grave_simple":1,"minecraft:birch_planks":24,"minecraft:apple":96,"minecraft:spruce_trapdoor":22,"minecraft:diamond_pickaxe":1,"create:water_wheel":3,"sophisticatedbackpacks:diamond_backpack":1,"minecraft:stick":39681,"minecraft:iron_ingot":32,"minecraft:cookie":306,"minecraft:raw_iron":18,"minecraft:coal":72,"minecraft:furnace":1,"minecraft:piston":2,"minecraft:raw_copper_block":11,"minecraft:glass_pane":48,"minecraft:flint_and_steel":1,"minecraft:netherite_scrap":41,"sophisticatedbackpacks:iron_backpack":1,"stalwart_dungeons:tungsten_ingot":58,"create:andesite_alloy":99,"minecraft:diamond_sword":1,"create:large_water_wheel":3,"minecraft:bucket":7,"minecraft:stone_axe":1,"minecraft:air":0,"minecraft:bread":141,"minecraft:gold_nugget":9,"tombstone:dark_marble":3,"minecraft:anvil":1,"minecraft:torch":8,"minecraft:diamond_chestplate":1},"minecraft:broken":{"minecraft:leather_helmet":1,"minecraft:golden_leggings":1,"minecraft:stone_axe":1,"minecraft:golden_chestplate":1,"minecraft:diamond_axe":1,"minecraft:leather_boots":1},"minecraft:used":{"minecraft:spruce_slab":60,"minecraft:poppy":6,"minecraft:ladder":2,"minecraft:chest":67,"minecraft:allium":16,"ironchest:iron_chest":4,"create:depot":2,"cataclysm:infernal_forge":3,"minecraft:lava_bucket":6,"easy_villagers:iron_farm":8,"minecraft:stone_brick_stairs":5,"minecraft:bow":25,"create:shaft":7,"minecraft:furnace":2,"minecraft:potato":101,"minecraft:warped_fungus_on_a_stick":8,"minecraft:blackstone":2,"minecraft:composter":3,"minecraft:golden_apple":2,"stalwart_dungeons:soul_bricks":13,"minecraft:blast_furnace":4,"relics:horse_flute":4,"minecraft:crying_obsidian":3,"minecraft:lectern":24,"minecraft:diamond_sword":436,"minecraft:smithing_table":3,"minecraft:birch_log":4,"ironchest:wood_to_iron_chest_upgrade":10,"minecraft:polished_blackstone_brick_slab":2,"minecraft:enchanting_table":1,"handcrafted:fancy_painting":10,"minecraft:netherrack":1005,"minecraft:torch":20,"minecraft:brewing_stand":3,"minecraft:anvil":3,"create:encased_chain_drive":3,"tombstone:gift":12,"minecraft:cobbled_deepslate":8,"minecraft:calcite":4,"minecraft:water_bucket":14,"minecraft:birch_planks":6,"minecraft:cartography_table":1,"gemsnjewels:diamond_set_gold_ring":2,"minecraft:fletching_table":35,"minecraft:polished_blackstone_bricks":64,"create:encased_fan":3,"minecraft:crafting_table":13,"minecraft:white_bed":32,"minecraft:spruce_log":19,"minecraft:diamond_pickaxe":13864,"minecraft:cornflower":2,"minecraft:iron_pickaxe":390,"tombstone:magic_scroll":5,"minecraft:spruce_trapdoor":33,"minecraft:spruce_sapling":254,"minecraft:cobblestone":31,"minecraft:potion":3,"minecraft:cooked_porkchop":1,"minecraft:dandelion":2,"minecraft:diamond_hoe":48,"minecraft:shield":7,"minecraft:iron_sword":88,"tombstone:lollipop":7,"minecraft:bell":1,"create:cogwheel":6,"minecraft:nether_bricks":161,"tombstone:decorative_grave_simple":1,"minecraft:lantern":30,"minecraft:light_blue_bed":2,"minecraft:stone_pickaxe":82,"minecraft:ender_pearl":4,"minecraft:diamond_axe":6059,"minecraft:lever":2,"easy_villagers:villager":78,"minecraft:bread":58,"tombstone:grave_key":1,"minecraft:gravel":238,"create:asurine":1,"minecraft:grindstone":1,"minecraft:cooked_rabbit":1,"create:large_cogwheel":2,"minecraft:netherite_sword":5,"minecraft:spruce_planks":1469,"minecraft:dirt":10,"minecraft:white_carpet":6,"minecraft:hopper":8,"minecraft:spruce_stairs":15,"minecraft:spruce_fence":14,"minecraft:bookshelf":18,"alexscaves:spelunkery_table":1,"minecraft:golden_carrot":66,"minecraft:netherite_pickaxe":4475,"minecraft:cooked_beef":7,"minecraft:glass_bottle":10,"minecraft:polished_andesite":1,"minecraft:spruce_sign":12,"minecraft:stonecutter":1,"create:mechanical_press":2,"minecraft:cracked_polished_blackstone_bricks":42,"minecraft:netherite_axe":386,"create:large_water_wheel":3,"minecraft:stone_axe":133,"minecraft:bucket":30,"minecraft:splash_potion":14}},"DataVersion":3465}