{"stats":{"minecraft:crafted":{"minecraft:raw_iron":18,"minecraft:coal":9,"minecraft:furnace":1,"minecraft:raw_copper_block":11,"minecraft:chest":5,"minecraft:coal_block":2,"minecraft:crafting_table":2,"minecraft:spruce_planks":36,"minecraft:bucket":1,"minecraft:birch_planks":24,"minecraft:stone_axe":1,"minecraft:air":0,"minecraft:stick":16,"minecraft:iron_ingot":9,"minecraft:iron_pickaxe":1,"minecraft:torch":8},"minecraft:picked_up":{"minecraft:crafting_table":4,"minecraft:anvil":1,"minecraft:smithing_table":1,"alexscaves:cave_tablet":5,"minecraft:string":2,"minecraft:raw_copper":106,"alexsmobs:ancient_dart":1,"minecraft:blackstone":4,"minecraft:cobbled_deepslate":5,"minecraft:spruce_planks":42,"minecraft:iron_nugget":17,"minecraft:iron_pickaxe":2,"minecraft:chest":17,"minecraft:coal_block":6,"minecraft:birch_sapling":3,"minecraft:furnace":8,"minecraft:stick":6,"minecraft:raw_iron":20,"minecraft:big_dripleaf":1,"minecraft:torch":15,"tombstone:grave_dust":2,"minecraft:golden_chestplate":2,"easy_villagers:villager":3,"minecraft:arrow":3,"minecraft:rotten_flesh":4,"alexscaves:spelunkery_table":1,"create:asurine":1,"minecraft:gold_ingot":18,"minecraft:iron_bars":1,"minecraft:white_wool":2,"minecraft:cobblestone":20,"minecraft:birch_log":13,"minecraft:cooked_beef":4,"minecraft:fern":1,"minecraft:potato":30,"alexsmobs:bear_fur":1,"create:raw_zinc":15,"minecraft:chainmail_chestplate":2,"minecraft:lantern":2,"minecraft:name_tag":1,"minecraft:leather_boots":2,"minecraft:bone":5,"minecraft:apple":8,"minecraft:stonecutter":1,"minecraft:wild_armor_trim_smithing_template":6,"minecraft:grindstone":2,"minecraft:stone_pickaxe":1,"minecraft:iron_ingot":46,"minecraft:fletching_table":1,"minecraft:bamboo":1,"minecraft:moss_block":5,"minecraft:iron_sword":1,"minecraft:book":69,"minecraft:spyglass":1,"minecraft:raw_iron_block":2,"minecraft:spruce_sapling":2,"minecraft:blast_furnace":6,"minecraft:white_bed":10,"minecraft:spruce_log":25,"minecraft:barrel":3,"gemsnjewels:sable_amethyst":1,"minecraft:pumpkin_seeds":26,"minecraft:diamond":110,"minecraft:spruce_sign":12,"minecraft:bread":29,"minecraft:emerald":8,"minecraft:oak_sapling":7,"minecraft:coal":63,"minecraft:ender_pearl":9},"minecraft:broken":{"minecraft:leather_helmet":1,"minecraft:golden_leggings":1},"minecraft:dropped":{"minecraft:spruce_sign":4,"minecraft:moss_block":5,"minecraft:glass_bottle":1,"minecraft:crafting_table":1,"minecraft:coal":4,"minecraft:stick":16,"relics:roller_skates":1,"minecraft:torch":9,"minecraft:iron_pickaxe":1,"minecraft:birch_log":3,"minecraft:white_wool":2,"minecraft:spruce_sapling":2,"minecraft:bone":2,"minecraft:furnace":1,"minecraft:blackstone":3,"minecraft:golden_chestplate":1,"alexsmobs:animal_dictionary":1,"minecraft:cobbled_deepslate":5,"minecraft:raw_copper":7,"minecraft:birch_sapling":3,"minecraft:rotten_flesh":4,"minecraft:fern":1,"minecraft:pumpkin_seeds":26,"minecraft:chainmail_chestplate":3,"minecraft:big_dripleaf":1,"minecraft:leather_chestplate":1,"minecraft:spruce_planks":16,"minecraft:charcoal":3,"minecraft:leather_boots":1,"minecraft:oak_sapling":7,"easy_villagers:villager":3,"minecraft:bamboo":1,"minecraft:iron_bars":1,"minecraft:stone_pickaxe":1,"minecraft:cooked_rabbit":2},"minecraft:used":{"minecraft:spruce_planks":53,"minecraft:chest":22,"minecraft:shield":3,"minecraft:iron_sword":65,"minecraft:torch":17,"minecraft:furnace":1,"tombstone:gift":6,"minecraft:cooked_beef":7,"minecraft:birch_planks":6,"minecraft:stone_pickaxe":82,"minecraft:blackstone":1,"minecraft:crafting_table":5,"minecraft:blast_furnace":1,"minecraft:white_bed":2,"easy_villagers:villager":1,"minecraft:bread":3,"minecraft:iron_pickaxe":186,"create:asurine":1,"minecraft:stone_axe":84,"minecraft:potion":1,"minecraft:birch_log":4,"minecraft:cooked_rabbit":1,"minecraft:bucket":1},"minecraft:custom":{"minecraft:mob_kills":18,"minecraft:interact_with_anvil":1,"minecraft:interact_with_crafting_table":19,"minecraft:open_barrel":7,"minecraft:leave_game":3,"minecraft:time_since_death":12414,"minecraft:climb_one_cm":524,"minecraft:sprint_one_cm":150156,"minecraft:walk_one_cm":174156,"minecraft:damage_blocked_by_shield":170,"minecraft:drop":50,"minecraft:talked_to_villager":2,"minecraft:play_time":68336,"minecraft:deaths":6,"minecraft:sneak_time":3686,"minecraft:walk_under_water_one_cm":7790,"minecraft:jump":735,"minecraft:interact_with_blast_furnace":1,"minecraft:walk_on_water_one_cm":8913,"minecraft:total_world_time":68336,"minecraft:interact_with_furnace":6,"minecraft:interact_with_loom":1,"minecraft:sleep_in_bed":2,"minecraft:time_since_rest":1083,"minecraft:waystone_activated":1,"minecraft:damage_taken":2331,"minecraft:damage_dealt":4211,"minecraft:swim_one_cm":11770,"minecraft:fly_one_cm":121438,"minecraft:open_chest":55,"minecraft:crouch_one_cm":11352,"tombstone:undead_killed":11,"minecraft:fall_one_cm":18358},"minecraft:killed":{"minecraft:spider":1,"minecraft:vindicator":1,"alexsmobs:sugar_glider":1,"minecraft:skeleton":4,"alexsmobs:grizzly_bear":1,"minecraft:pillager":3,"minecraft:zombie":7},"minecraft:mined":{"alexscaves:spelunkery_table":1,"create:deepslate_zinc_ore":10,"minecraft:white_bed":10,"minecraft:deepslate_diamond_ore":27,"minecraft:red_nether_bricks":1,"gemsnjewels:sable_amethyst_ore_block":1,"argentinas_delight:hojasdemate":5,"minecraft:cave_vines_plant":2,"minecraft:allium":1,"minecraft:coal_block":6,"minecraft:moss_block":5,"minecraft:spawner":13,"minecraft:raw_iron_block":2,"minecraft:furnace":8,"minecraft:barrel":3,"minecraft:iron_ore":12,"minecraft:fire":2,"minecraft:fletching_table":1,"minecraft:anvil":1,"create:asurine":1,"minecraft:bookshelf":25,"minecraft:deepslate_iron_ore":8,"minecraft:iron_bars":10,"minecraft:stone":20,"minecraft:white_wool":2,"minecraft:smithing_table":1,"minecraft:blackstone":5,"gemsnjewels:zircon_deepslate_ore_block":3,"minecraft:crafting_table":4,"minecraft:torch":2,"minecraft:blast_furnace":5,"minecraft:chest":15,"minecraft:copper_ore":32,"minecraft:cobblestone":2,"minecraft:grindstone":2,"minecraft:wall_torch":2,"minecraft:big_dripleaf":1,"minecraft:birch_log":7,"minecraft:spruce_log":9,"minecraft:grass":4,"minecraft:coal_ore":61,"minecraft:stonecutter":1,"minecraft:deepslate":23},"minecraft:killed_by":{"minecraft:player":2,"minecraft:spider":1,"minecraft:vindicator":1,"minecraft:skeleton":1,"minecraft:zombie":1}},"DataVersion":3465}