{"stats":{"minecraft:killed":{"minecraft:spider":1,"minecraft:skeleton":2,"minecraft:pillager":1,"minecraft:zombie":5},"minecraft:mined":{"minecraft:white_bed":1,"minecraft:blackstone":2,"gemsnjewels:sable_amethyst_ore_block":1,"minecraft:crafting_table":4,"minecraft:cave_vines_plant":1,"minecraft:chest":1,"minecraft:cobblestone":1,"minecraft:coal_block":1,"minecraft:copper_ore":32,"minecraft:moss_block":5,"minecraft:wall_torch":2,"minecraft:big_dripleaf":1,"minecraft:spawner":6,"minecraft:raw_iron_block":2,"minecraft:furnace":1,"minecraft:birch_log":7,"minecraft:iron_ore":12,"minecraft:fire":1,"minecraft:grass":3,"minecraft:bookshelf":5,"minecraft:coal_ore":61,"minecraft:deepslate_iron_ore":8,"minecraft:iron_bars":4,"minecraft:stone":20,"minecraft:white_wool":2,"minecraft:deepslate":5},"minecraft:custom":{"minecraft:interact_with_furnace":6,"minecraft:mob_kills":9,"minecraft:interact_with_crafting_table":15,"minecraft:open_barrel":5,"minecraft:leave_game":2,"minecraft:time_since_death":1779,"minecraft:time_since_rest":407,"minecraft:sprint_one_cm":59994,"minecraft:damage_taken":870,"minecraft:walk_one_cm":86702,"minecraft:drop":23,"minecraft:damage_dealt":2125,"minecraft:fly_one_cm":41700,"minecraft:open_chest":30,"minecraft:crouch_one_cm":4859,"minecraft:play_time":34558,"tombstone:undead_killed":7,"minecraft:deaths":2,"minecraft:sneak_time":1711,"minecraft:jump":261,"minecraft:walk_on_water_one_cm":1371,"minecraft:total_world_time":34558,"minecraft:fall_one_cm":8324},"minecraft:killed_by":{"minecraft:spider":1,"minecraft:zombie":1},"minecraft:used":{"minecraft:birch_planks":6,"minecraft:stone_pickaxe":82,"minecraft:chest":1,"minecraft:iron_sword":27,"minecraft:torch":12,"minecraft:crafting_table":3,"minecraft:bread":3,"minecraft:iron_pickaxe":83,"minecraft:stone_axe":26,"minecraft:potion":1,"minecraft:furnace":1,"minecraft:bucket":1,"tombstone:gift":3,"minecraft:cooked_beef":2},"minecraft:crafted":{"minecraft:raw_iron":18,"minecraft:coal":9,"minecraft:crafting_table":1,"minecraft:furnace":1,"minecraft:bucket":1,"minecraft:birch_planks":24,"minecraft:stone_axe":1,"minecraft:raw_copper_block":11,"minecraft:air":0,"minecraft:stick":16,"minecraft:iron_ingot":9,"minecraft:iron_pickaxe":1,"minecraft:chest":1,"minecraft:torch":8},"minecraft:dropped":{"minecraft:spruce_sign":2,"minecraft:blackstone":2,"minecraft:moss_block":5,"alexsmobs:animal_dictionary":1,"minecraft:cobbled_deepslate":5,"minecraft:glass_bottle":1,"minecraft:birch_sapling":3,"minecraft:rotten_flesh":4,"minecraft:chainmail_chestplate":3,"minecraft:stick":16,"minecraft:big_dripleaf":1,"minecraft:charcoal":3,"minecraft:bamboo":1,"minecraft:iron_bars":1,"minecraft:stone_pickaxe":1,"minecraft:bone":2},"minecraft:picked_up":{"minecraft:birch_log":13,"minecraft:crafting_table":4,"minecraft:cooked_beef":4,"alexscaves:cave_tablet":1,"minecraft:chainmail_chestplate":2,"minecraft:string":2,"minecraft:lantern":2,"minecraft:raw_copper":106,"alexsmobs:ancient_dart":1,"minecraft:leather_boots":1,"minecraft:bone":2,"minecraft:blackstone":2,"minecraft:apple":1,"minecraft:wild_armor_trim_smithing_template":2,"minecraft:cobbled_deepslate":5,"minecraft:iron_ingot":4,"minecraft:stone_pickaxe":1,"minecraft:bamboo":1,"minecraft:coal_block":1,"minecraft:moss_block":5,"minecraft:chest":3,"minecraft:birch_sapling":3,"minecraft:furnace":1,"minecraft:book":9,"minecraft:stick":6,"minecraft:raw_iron":20,"minecraft:big_dripleaf":1,"minecraft:torch":13,"minecraft:raw_iron_block":2,"minecraft:white_bed":1,"minecraft:golden_chestplate":1,"gemsnjewels:sable_amethyst":1,"minecraft:rotten_flesh":4,"minecraft:spruce_sign":10,"minecraft:bread":8,"minecraft:iron_bars":1,"minecraft:coal":63,"minecraft:white_wool":2,"minecraft:cobblestone":20}},"DataVersion":3465}