{"stats":{"minecraft:crafted":{"minecraft:bookshelf":27,"minecraft:chest":7,"minecraft:diamond_axe":1,"minecraft:crafting_table":4,"minecraft:spruce_planks":1532,"minecraft:birch_planks":24,"minecraft:spruce_trapdoor":2,"minecraft:lectern":15,"minecraft:diamond_pickaxe":1,"minecraft:stick":16,"minecraft:iron_ingot":9,"minecraft:iron_pickaxe":1,"minecraft:raw_iron":18,"minecraft:coal":9,"minecraft:furnace":1,"minecraft:raw_copper_block":11,"minecraft:spruce_stairs":16,"minecraft:spruce_slab":126,"minecraft:coal_block":2,"minecraft:bucket":1,"minecraft:stone_axe":1,"minecraft:air":0,"minecraft:torch":8},"minecraft:picked_up":{"minecraft:wheat":3,"minecraft:anvil":2,"minecraft:smithing_table":4,"alexscaves:cave_tablet":11,"minecraft:enchanted_book":2,"minecraft:stone_brick_stairs":1,"minecraft:raw_copper":106,"minecraft:string":13,"alexsmobs:ancient_dart":2,"minecraft:deepslate_tiles":57,"minecraft:gold_nugget":1,"minecraft:cobbled_deepslate":5,"minecraft:bucket":1,"minecraft:spruce_planks":255,"minecraft:iron_pickaxe":7,"minecraft:coal_block":6,"minecraft:furnace":25,"minecraft:stick":77,"minecraft:deepslate_brick_wall":63,"minecraft:composter":4,"minecraft:big_dripleaf":1,"minecraft:torch":24,"minecraft:spruce_stairs":84,"tombstone:grave_dust":5,"minecraft:cauldron":4,"minecraft:golden_chestplate":2,"argentinas_delight:pavallena":1,"easy_villagers:villager":4,"minecraft:rotten_flesh":5,"relics:horse_flute":2,"create:asurine":1,"minecraft:bookshelf":12,"minecraft:deepslate_brick_stairs":77,"minecraft:iron_bars":5,"minecraft:cod":3,"minecraft:cobblestone":20,"minecraft:birch_log":13,"relics:roller_skates":1,"minecraft:leather_chestplate":1,"minecraft:feather":5,"minecraft:cooked_beef":4,"minecraft:smoker":1,"minecraft:potato":111,"alexsmobs:bear_fur":2,"minecraft:flint":5,"create:raw_zinc":38,"minecraft:map":7,"minecraft:dirt":10,"minecraft:lantern":26,"minecraft:name_tag":2,"minecraft:leather_boots":2,"minecraft:bone":5,"minecraft:stonecutter":4,"minecraft:wheat_seeds":13,"minecraft:deepslate_brick_slab":12,"minecraft:bell":1,"minecraft:grindstone":12,"minecraft:fletching_table":21,"minecraft:bamboo":1,"minecraft:moss_block":5,"minecraft:stripped_spruce_log":62,"argentinas_delight:yerbamate":1,"minecraft:barrel":5,"minecraft:spruce_fence_gate":3,"minecraft:diamond":110,"minecraft:crossbow":2,"minecraft:golden_apple":1,"minecraft:emerald":50,"minecraft:spruce_sign":16,"minecraft:spruce_button":1,"minecraft:bread":60,"minecraft:oak_sapling":7,"minecraft:crafting_table":17,"minecraft:charcoal":2,"minecraft:allium":13,"minecraft:shield":4,"minecraft:cornflower":3,"minecraft:large_fern":2,"minecraft:compass":1,"minecraft:blackstone":4,"minecraft:cartography_table":2,"minecraft:iron_nugget":42,"minecraft:spruce_slab":28,"minecraft:chest":58,"minecraft:birch_sapling":3,"minecraft:spruce_trapdoor":31,"minecraft:raw_iron":45,"minecraft:copper_ingot":42,"minecraft:spruce_fence":48,"minecraft:light_blue_bed":2,"minecraft:arrow":18,"minecraft:deepslate_bricks":55,"minecraft:hay_block":4,"alexscaves:spelunkery_table":2,"minecraft:cracked_deepslate_bricks":15,"minecraft:saddle":2,"minecraft:gold_ingot":18,"minecraft:white_wool":30,"minecraft:cracked_deepslate_tiles":18,"minecraft:salmon":2,"minecraft:fern":2,"minecraft:birch_planks":3,"minecraft:chainmail_chestplate":2,"minecraft:cobblestone_wall":2,"minecraft:gunpowder":4,"minecraft:paper":9,"minecraft:apple":30,"minecraft:wild_armor_trim_smithing_template":6,"minecraft:iron_ingot":86,"minecraft:stone_pickaxe":1,"minecraft:iron_sword":3,"minecraft:book":294,"gemsnjewels:enchanted_gold_ring":1,"minecraft:sweet_berries":42,"minecraft:dandelion":2,"minecraft:spyglass":2,"minecraft:raw_iron_block":2,"minecraft:gravel":1,"minecraft:spruce_sapling":63,"minecraft:blast_furnace":11,"minecraft:white_bed":44,"minecraft:spruce_log":428,"argentinas_delight:mateyerbaseca":1,"minecraft:spruce_door":14,"minecraft:leather_helmet":3,"gemsnjewels:sable_amethyst":1,"minecraft:pumpkin_seeds":60,"minecraft:baked_potato":2,"minecraft:damaged_anvil":1,"minecraft:coal":128,"minecraft:ender_pearl":9},"minecraft:broken":{"minecraft:golden_leggings":1,"minecraft:stone_axe":1,"minecraft:leather_helmet":1,"minecraft:leather_boots":1},"minecraft:dropped":{"minecraft:spruce_sign":6,"minecraft:iron_sword":2,"minecraft:moss_block":5,"minecraft:glass_bottle":1,"minecraft:crafting_table":1,"minecraft:crossbow":1,"minecraft:leather_helmet":3,"minecraft:cod":3,"minecraft:flint":5,"minecraft:large_fern":2,"minecraft:iron_pickaxe":1,"minecraft:birch_log":3,"minecraft:white_wool":2,"minecraft:bone":2,"minecraft:blackstone":3,"minecraft:cobbled_deepslate":5,"minecraft:golden_chestplate":1,"alexsmobs:animal_dictionary":1,"minecraft:birch_sapling":3,"minecraft:rotten_flesh":4,"minecraft:fern":2,"minecraft:salmon":2,"minecraft:chainmail_chestplate":3,"minecraft:leather_chestplate":2,"minecraft:charcoal":3,"minecraft:leather_boots":1,"minecraft:iron_bars":1,"minecraft:arrow":7,"minecraft:stone_brick_stairs":1,"argentinas_delight:pavallena":1,"minecraft:wheat_seeds":13,"minecraft:feather":5,"minecraft:coal":5,"minecraft:stick":19,"relics:roller_skates":2,"minecraft:torch":9,"minecraft:map":4,"minecraft:paper":9,"minecraft:spruce_sapling":33,"minecraft:furnace":1,"minecraft:sweet_berries":42,"minecraft:raw_copper":7,"minecraft:pumpkin_seeds":53,"minecraft:big_dripleaf":1,"minecraft:allium":2,"minecraft:spruce_planks":16,"minecraft:oak_sapling":7,"easy_villagers:villager":4,"minecraft:bamboo":1,"minecraft:spruce_log":9,"minecraft:stone_pickaxe":1,"minecraft:cooked_rabbit":2},"minecraft:used":{"minecraft:spruce_slab":36,"minecraft:poppy":6,"minecraft:shield":7,"minecraft:chest":65,"minecraft:iron_sword":78,"minecraft:bell":1,"minecraft:allium":11,"minecraft:lantern":13,"minecraft:light_blue_bed":2,"minecraft:furnace":2,"minecraft:stone_pickaxe":82,"minecraft:blackstone":1,"minecraft:composter":1,"minecraft:diamond_axe":943,"minecraft:blast_furnace":4,"relics:horse_flute":4,"easy_villagers:villager":33,"minecraft:bread":16,"create:asurine":1,"minecraft:gravel":1,"minecraft:grindstone":1,"minecraft:smithing_table":3,"minecraft:cooked_rabbit":1,"minecraft:birch_log":4,"minecraft:spruce_planks":821,"minecraft:torch":18,"minecraft:dirt":4,"minecraft:spruce_stairs":15,"alexscaves:spelunkery_table":1,"tombstone:gift":6,"minecraft:cooked_beef":7,"minecraft:birch_planks":6,"minecraft:cartography_table":1,"minecraft:fletching_table":21,"minecraft:stonecutter":1,"minecraft:crafting_table":10,"minecraft:white_bed":30,"minecraft:spruce_log":1,"minecraft:diamond_pickaxe":67,"minecraft:cornflower":2,"minecraft:iron_pickaxe":390,"minecraft:spruce_trapdoor":15,"minecraft:spruce_sapling":29,"minecraft:stone_axe":133,"minecraft:potion":1,"minecraft:bucket":1,"minecraft:dandelion":2},"minecraft:custom":{"minecraft:interact_with_crafting_table":28,"minecraft:open_barrel":7,"minecraft:bell_ring":15,"minecraft:leave_game":3,"minecraft:time_since_death":44320,"minecraft:sprint_one_cm":430554,"minecraft:damage_blocked_by_shield":390,"minecraft:drop":106,"minecraft:talked_to_villager":35,"minecraft:play_time":164336,"minecraft:deaths":8,"minecraft:jump":1868,"minecraft:walk_on_water_one_cm":12005,"minecraft:interact_with_furnace":6,"minecraft:interact_with_loom":1,"minecraft:sleep_in_bed":10,"minecraft:waystone_activated":1,"minecraft:damage_dealt":7073,"minecraft:crouch_one_cm":23914,"tombstone:undead_killed":12,"minecraft:interact_with_anvil":1,"minecraft:mob_kills":26,"minecraft:climb_one_cm":524,"minecraft:walk_one_cm":490526,"minecraft:sneak_time":6721,"minecraft:walk_under_water_one_cm":8226,"minecraft:interact_with_blast_furnace":1,"minecraft:total_world_time":164336,"minecraft:time_since_rest":192,"minecraft:damage_taken":2954,"minecraft:swim_one_cm":11770,"minecraft:fly_one_cm":370717,"minecraft:open_chest":193,"minecraft:fall_one_cm":38255},"minecraft:killed":{"guardvillagers:guard":5,"minecraft:zombified_piglin":1,"minecraft:spider":1,"minecraft:skeleton":4,"alexsmobs:grizzly_bear":2,"minecraft:iron_golem":1,"minecraft:pillager":3,"minecraft:zombie":7,"minecraft:vindicator":1,"alexsmobs:sugar_glider":1},"minecraft:mined":{"create:deepslate_zinc_ore":10,"minecraft:spruce_planks":192,"minecraft:white_bed":44,"minecraft:red_nether_bricks":1,"gemsnjewels:sable_amethyst_ore_block":1,"minecraft:spruce_trapdoor":37,"minecraft:cave_vines_plant":2,"argentinas_delight:hojasdemate":5,"minecraft:grass_block":6,"minecraft:coal_block":6,"minecraft:deepslate_bricks":59,"minecraft:composter":4,"minecraft:spawner":13,"minecraft:raw_iron_block":2,"minecraft:iron_ore":12,"minecraft:fire":2,"minecraft:barrel":5,"minecraft:anvil":2,"minecraft:fletching_table":21,"argentinas_delight:ramasdematedeyerba":6,"create:asurine":1,"argentinas_delight:basedearbolmate":1,"minecraft:iron_bars":10,"minecraft:deepslate_brick_stairs":41,"minecraft:spruce_slab":33,"minecraft:blackstone":5,"minecraft:deepslate_brick_wall":50,"minecraft:smoker":1,"gemsnjewels:zircon_deepslate_ore_block":3,"minecraft:torch":3,"minecraft:blast_furnace":10,"minecraft:chest":54,"minecraft:cobblestone":2,"minecraft:grindstone":6,"minecraft:wall_torch":2,"minecraft:cauldron":4,"minecraft:birch_log":7,"minecraft:stone_brick_stairs":2,"minecraft:grass":98,"minecraft:cracked_deepslate_tiles":21,"minecraft:dirt":4,"minecraft:stonecutter":4,"minecraft:deepslate":23,"create:zinc_ore":1,"minecraft:light_blue_stained_glass_pane":1,"minecraft:deepslate_tiles":37,"alexscaves:spelunkery_table":1,"minecraft:deepslate_diamond_ore":27,"minecraft:allium":5,"minecraft:spruce_fence":64,"minecraft:moss_block":5,"minecraft:cartography_table":1,"minecraft:large_fern":3,"minecraft:hay_block":2,"minecraft:furnace":24,"minecraft:spruce_sapling":1,"minecraft:stripped_spruce_log":39,"minecraft:bookshelf":80,"minecraft:deepslate_iron_ore":8,"minecraft:lantern":3,"minecraft:stone":20,"minecraft:white_wool":2,"minecraft:smithing_table":4,"minecraft:spruce_door":14,"minecraft:crafting_table":11,"minecraft:cornflower":2,"minecraft:campfire":1,"minecraft:copper_ore":32,"minecraft:tall_grass":26,"minecraft:cracked_deepslate_bricks":17,"minecraft:big_dripleaf":1,"minecraft:spruce_stairs":49,"minecraft:light_blue_bed":1,"minecraft:cobblestone_wall":1,"minecraft:spruce_log":380,"minecraft:coal_ore":61,"minecraft:gravel":1,"minecraft:spruce_fence_gate":3,"minecraft:fern":14},"minecraft:killed_by":{"minecraft:vindicator":1,"minecraft:zombie":1,"alexsmobs:grizzly_bear":1,"minecraft:player":2,"minecraft:spider":1,"minecraft:skeleton":1,"guardvillagers:guard":1}},"DataVersion":3465}