{"stats":{"minecraft:crafted":{"minecraft:raw_iron":18,"minecraft:coal":9,"minecraft:furnace":1,"minecraft:bookshelf":12,"minecraft:raw_copper_block":11,"minecraft:chest":5,"minecraft:coal_block":2,"minecraft:diamond_axe":1,"minecraft:crafting_table":3,"minecraft:spruce_planks":508,"minecraft:bucket":1,"minecraft:birch_planks":24,"minecraft:stone_axe":1,"minecraft:air":0,"minecraft:spruce_trapdoor":2,"minecraft:diamond_pickaxe":1,"minecraft:stick":16,"minecraft:iron_ingot":9,"minecraft:iron_pickaxe":1,"minecraft:torch":8},"minecraft:picked_up":{"minecraft:allium":11,"minecraft:charcoal":2,"minecraft:crafting_table":17,"minecraft:wheat":3,"minecraft:anvil":2,"minecraft:smithing_table":4,"alexscaves:cave_tablet":11,"minecraft:enchanted_book":2,"minecraft:stone_brick_stairs":1,"minecraft:shield":4,"minecraft:cornflower":1,"minecraft:string":13,"minecraft:raw_copper":106,"alexsmobs:ancient_dart":2,"minecraft:large_fern":2,"minecraft:compass":1,"minecraft:blackstone":4,"minecraft:deepslate_tiles":57,"minecraft:cartography_table":2,"minecraft:cobbled_deepslate":5,"minecraft:bucket":1,"minecraft:spruce_planks":246,"minecraft:spruce_slab":27,"minecraft:iron_nugget":42,"minecraft:iron_pickaxe":7,"minecraft:chest":58,"minecraft:coal_block":6,"minecraft:birch_sapling":3,"minecraft:spruce_trapdoor":31,"minecraft:furnace":25,"minecraft:stick":52,"minecraft:raw_iron":45,"minecraft:deepslate_brick_wall":62,"minecraft:composter":4,"minecraft:copper_ingot":42,"minecraft:big_dripleaf":1,"minecraft:torch":24,"minecraft:spruce_stairs":65,"minecraft:spruce_fence":48,"tombstone:grave_dust":5,"minecraft:light_blue_bed":2,"minecraft:golden_chestplate":2,"argentinas_delight:pavallena":1,"minecraft:cauldron":4,"easy_villagers:villager":4,"minecraft:arrow":18,"minecraft:rotten_flesh":4,"relics:horse_flute":2,"minecraft:deepslate_bricks":55,"minecraft:hay_block":4,"alexscaves:spelunkery_table":2,"minecraft:cracked_deepslate_bricks":15,"create:asurine":1,"minecraft:bookshelf":12,"minecraft:saddle":2,"minecraft:gold_ingot":18,"minecraft:deepslate_brick_stairs":48,"minecraft:cod":3,"minecraft:iron_bars":5,"minecraft:white_wool":30,"minecraft:cobblestone":20,"minecraft:cracked_deepslate_tiles":18,"minecraft:birch_log":13,"minecraft:leather_chestplate":1,"relics:roller_skates":1,"minecraft:feather":5,"minecraft:cooked_beef":4,"minecraft:salmon":2,"minecraft:fern":2,"minecraft:birch_planks":3,"minecraft:smoker":1,"minecraft:potato":111,"minecraft:flint":5,"alexsmobs:bear_fur":2,"create:raw_zinc":38,"minecraft:chainmail_chestplate":2,"minecraft:gunpowder":4,"minecraft:cobblestone_wall":2,"minecraft:map":7,"minecraft:dirt":10,"minecraft:paper":9,"minecraft:lantern":25,"minecraft:name_tag":2,"minecraft:leather_boots":2,"minecraft:bone":5,"minecraft:apple":30,"minecraft:stonecutter":3,"minecraft:deepslate_brick_slab":12,"minecraft:wheat_seeds":1,"minecraft:wild_armor_trim_smithing_template":6,"minecraft:bell":1,"minecraft:grindstone":12,"minecraft:stone_pickaxe":1,"minecraft:iron_ingot":86,"minecraft:fletching_table":21,"minecraft:bamboo":1,"minecraft:moss_block":5,"minecraft:iron_sword":3,"minecraft:book":294,"gemsnjewels:enchanted_gold_ring":1,"minecraft:sweet_berries":42,"minecraft:dandelion":2,"minecraft:spyglass":2,"minecraft:raw_iron_block":2,"argentinas_delight:mateyerbaseca":1,"minecraft:stripped_spruce_log":62,"minecraft:spruce_sapling":32,"minecraft:blast_furnace":11,"minecraft:white_bed":43,"minecraft:spruce_log":118,"argentinas_delight:yerbamate":1,"minecraft:spruce_door":14,"minecraft:barrel":5,"minecraft:leather_helmet":3,"gemsnjewels:sable_amethyst":1,"minecraft:spruce_fence_gate":3,"minecraft:pumpkin_seeds":60,"minecraft:diamond":110,"minecraft:crossbow":2,"minecraft:spruce_button":1,"minecraft:golden_apple":1,"minecraft:spruce_sign":16,"minecraft:bread":60,"minecraft:emerald":50,"minecraft:baked_potato":2,"minecraft:oak_sapling":7,"minecraft:damaged_anvil":1,"minecraft:coal":128,"minecraft:ender_pearl":9},"minecraft:broken":{"minecraft:leather_helmet":1,"minecraft:golden_leggings":1,"minecraft:leather_boots":1,"minecraft:stone_axe":1},"minecraft:dropped":{"minecraft:spruce_sign":6,"minecraft:iron_sword":2,"minecraft:moss_block":5,"minecraft:wheat_seeds":1,"minecraft:glass_bottle":1,"minecraft:crafting_table":1,"minecraft:crossbow":1,"minecraft:feather":5,"minecraft:leather_helmet":3,"minecraft:coal":5,"minecraft:cod":3,"minecraft:flint":5,"minecraft:stick":19,"relics:roller_skates":2,"minecraft:torch":9,"minecraft:large_fern":2,"minecraft:map":4,"minecraft:iron_pickaxe":1,"minecraft:paper":9,"minecraft:birch_log":3,"minecraft:white_wool":2,"minecraft:spruce_sapling":32,"minecraft:bone":2,"minecraft:furnace":1,"minecraft:sweet_berries":42,"minecraft:blackstone":3,"minecraft:golden_chestplate":1,"alexsmobs:animal_dictionary":1,"minecraft:cobbled_deepslate":5,"minecraft:raw_copper":7,"minecraft:birch_sapling":3,"minecraft:rotten_flesh":4,"minecraft:fern":2,"minecraft:salmon":2,"minecraft:pumpkin_seeds":53,"minecraft:chainmail_chestplate":3,"minecraft:big_dripleaf":1,"minecraft:leather_chestplate":2,"minecraft:spruce_planks":16,"minecraft:charcoal":3,"minecraft:leather_boots":1,"minecraft:oak_sapling":7,"easy_villagers:villager":4,"minecraft:bamboo":1,"minecraft:spruce_log":9,"minecraft:iron_bars":1,"minecraft:arrow":7,"minecraft:stone_pickaxe":1,"minecraft:stone_brick_stairs":1,"minecraft:cooked_rabbit":2,"argentinas_delight:pavallena":1},"minecraft:used":{"minecraft:spruce_planks":621,"minecraft:chest":63,"minecraft:shield":7,"minecraft:iron_sword":75,"minecraft:bell":1,"minecraft:torch":18,"minecraft:dirt":4,"minecraft:lantern":12,"alexscaves:spelunkery_table":1,"minecraft:furnace":2,"tombstone:gift":6,"minecraft:cooked_beef":7,"minecraft:birch_planks":6,"minecraft:stone_pickaxe":82,"minecraft:blackstone":1,"minecraft:composter":1,"minecraft:fletching_table":21,"minecraft:diamond_axe":594,"minecraft:crafting_table":9,"minecraft:blast_furnace":4,"minecraft:white_bed":29,"minecraft:spruce_log":1,"relics:horse_flute":4,"easy_villagers:villager":31,"minecraft:diamond_pickaxe":33,"minecraft:bread":11,"minecraft:iron_pickaxe":390,"minecraft:spruce_trapdoor":15,"create:asurine":1,"minecraft:stone_axe":133,"minecraft:potion":1,"minecraft:grindstone":1,"minecraft:smithing_table":3,"minecraft:birch_log":4,"minecraft:cooked_rabbit":1,"minecraft:bucket":1},"minecraft:custom":{"minecraft:mob_kills":25,"minecraft:interact_with_anvil":1,"minecraft:interact_with_crafting_table":25,"minecraft:open_barrel":7,"minecraft:bell_ring":15,"minecraft:leave_game":3,"minecraft:time_since_death":20320,"minecraft:climb_one_cm":524,"minecraft:sprint_one_cm":366316,"minecraft:walk_one_cm":430448,"minecraft:damage_blocked_by_shield":390,"minecraft:drop":102,"minecraft:talked_to_villager":32,"minecraft:play_time":140336,"minecraft:deaths":8,"minecraft:sneak_time":5522,"minecraft:walk_under_water_one_cm":8226,"minecraft:jump":1596,"minecraft:interact_with_blast_furnace":1,"minecraft:walk_on_water_one_cm":11743,"minecraft:total_world_time":140336,"minecraft:interact_with_furnace":6,"minecraft:interact_with_loom":1,"minecraft:sleep_in_bed":8,"minecraft:time_since_rest":5207,"minecraft:waystone_activated":1,"minecraft:damage_taken":2945,"minecraft:damage_dealt":6872,"minecraft:swim_one_cm":11770,"minecraft:fly_one_cm":298571,"minecraft:open_chest":174,"minecraft:crouch_one_cm":16920,"tombstone:undead_killed":11,"minecraft:fall_one_cm":33322},"minecraft:killed":{"guardvillagers:guard":5,"minecraft:spider":1,"minecraft:vindicator":1,"alexsmobs:sugar_glider":1,"minecraft:skeleton":4,"alexsmobs:grizzly_bear":2,"minecraft:iron_golem":1,"minecraft:pillager":3,"minecraft:zombie":7},"minecraft:mined":{"minecraft:light_blue_stained_glass_pane":1,"create:zinc_ore":1,"minecraft:deepslate_tiles":37,"alexscaves:spelunkery_table":1,"create:deepslate_zinc_ore":10,"minecraft:spruce_planks":183,"minecraft:white_bed":43,"minecraft:deepslate_diamond_ore":27,"minecraft:red_nether_bricks":1,"gemsnjewels:sable_amethyst_ore_block":1,"minecraft:spruce_trapdoor":37,"argentinas_delight:hojasdemate":5,"minecraft:cave_vines_plant":2,"minecraft:allium":2,"minecraft:grass_block":6,"minecraft:spruce_fence":62,"minecraft:deepslate_bricks":59,"minecraft:coal_block":6,"minecraft:composter":4,"minecraft:cartography_table":1,"minecraft:moss_block":5,"minecraft:spawner":13,"minecraft:large_fern":1,"minecraft:hay_block":2,"minecraft:raw_iron_block":2,"minecraft:furnace":24,"minecraft:barrel":5,"minecraft:iron_ore":12,"minecraft:fire":2,"minecraft:stripped_spruce_log":39,"minecraft:fletching_table":21,"minecraft:anvil":2,"argentinas_delight:ramasdematedeyerba":6,"create:asurine":1,"minecraft:bookshelf":80,"minecraft:deepslate_iron_ore":8,"argentinas_delight:basedearbolmate":1,"minecraft:iron_bars":10,"minecraft:lantern":2,"minecraft:deepslate_brick_stairs":12,"minecraft:stone":20,"minecraft:white_wool":2,"minecraft:spruce_slab":32,"minecraft:smithing_table":4,"minecraft:blackstone":5,"minecraft:deepslate_brick_wall":48,"minecraft:smoker":1,"minecraft:spruce_door":14,"gemsnjewels:zircon_deepslate_ore_block":3,"minecraft:crafting_table":11,"minecraft:torch":3,"minecraft:blast_furnace":10,"minecraft:chest":54,"minecraft:campfire":1,"minecraft:copper_ore":32,"minecraft:cobblestone":2,"minecraft:grindstone":6,"minecraft:cracked_deepslate_bricks":17,"minecraft:wall_torch":2,"minecraft:big_dripleaf":1,"minecraft:cauldron":4,"minecraft:spruce_stairs":30,"minecraft:light_blue_bed":1,"minecraft:cobblestone_wall":1,"minecraft:birch_log":7,"minecraft:spruce_log":70,"minecraft:stone_brick_stairs":1,"minecraft:cracked_deepslate_tiles":21,"minecraft:grass":13,"minecraft:coal_ore":61,"minecraft:dirt":4,"minecraft:spruce_fence_gate":3,"minecraft:stonecutter":3,"minecraft:fern":1,"minecraft:deepslate":23},"minecraft:killed_by":{"minecraft:player":2,"minecraft:spider":1,"minecraft:vindicator":1,"minecraft:skeleton":1,"minecraft:zombie":1,"alexsmobs:grizzly_bear":1,"guardvillagers:guard":1}},"DataVersion":3465}