{"stats":{"minecraft:killed":{"minecraft:spider":1,"minecraft:skeleton":2},"minecraft:custom":{"minecraft:mob_kills":3,"minecraft:open_barrel":8,"minecraft:interact_with_crafting_table":12,"minecraft:leave_game":4,"minecraft:time_since_death":1739,"minecraft:sleep_in_bed":1,"minecraft:climb_one_cm":1617,"minecraft:time_since_rest":627,"minecraft:sprint_one_cm":95364,"minecraft:damage_taken":769,"minecraft:walk_one_cm":104059,"minecraft:damage_blocked_by_shield":340,"minecraft:drop":23,"minecraft:damage_dealt":878,"minecraft:swim_one_cm":9535,"minecraft:fly_one_cm":67669,"minecraft:open_chest":27,"minecraft:crouch_one_cm":4939,"minecraft:play_time":34110,"tombstone:undead_killed":2,"minecraft:deaths":1,"minecraft:sneak_time":1435,"minecraft:walk_under_water_one_cm":7875,"minecraft:jump":464,"minecraft:walk_on_water_one_cm":6362,"minecraft:total_world_time":34110,"minecraft:fall_one_cm":14686},"minecraft:mined":{"minecraft:podzol":1,"minecraft:red_bed":1,"minecraft:cave_vines_plant":1,"minecraft:grass_block":1,"minecraft:cobblestone":1,"minecraft:tall_grass":2,"minecraft:blue_bed":1,"minecraft:spawner":5,"minecraft:light_blue_terracotta":1,"minecraft:white_terracotta":2,"minecraft:birch_log":11,"minecraft:fire":1,"minecraft:spruce_log":10,"minecraft:birch_leaves":1,"minecraft:dirt":7,"minecraft:stone":118,"minecraft:stone_bricks":1,"minecraft:chipped_anvil":1,"minecraft:white_wool":28},"minecraft:broken":{"minecraft:wooden_pickaxe":1},"minecraft:killed_by":{"minecraft:zombie":1},"minecraft:used":{"minecraft:stone_sword":29,"minecraft:birch_planks":4,"minecraft:stone_pickaxe":71,"minecraft:baked_potato":3,"minecraft:wooden_pickaxe":59,"minecraft:shield":8,"minecraft:blue_bed":1,"minecraft:torch":2,"minecraft:dirt":5,"minecraft:spyglass":6,"minecraft:crafting_table":2,"minecraft:bread":9,"minecraft:stone_axe":20,"minecraft:cobblestone":28,"alexsmobs:animal_dictionary":1},"minecraft:crafted":{"minecraft:crafting_table":2,"minecraft:spruce_planks":40,"minecraft:wooden_pickaxe":1,"minecraft:furnace":1,"minecraft:birch_planks":20,"minecraft:stone_axe":1,"minecraft:shield":1,"minecraft:stick":12,"minecraft:stone_pickaxe":2,"minecraft:stone_sword":1},"minecraft:dropped":{"minecraft:bread":8,"minecraft:spyglass":1,"minecraft:golden_chestplate":1,"minecraft:birch_sapling":4,"alexsmobs:ancient_dart":1,"minecraft:chainmail_chestplate":1,"minecraft:stone_pickaxe":1,"minecraft:birch_log":6},"minecraft:picked_up":{"minecraft:birch_log":11,"minecraft:chainmail_chestplate":1,"minecraft:blue_bed":1,"minecraft:dirt":9,"minecraft:string":2,"minecraft:red_bed":1,"minecraft:white_banner":9,"minecraft:white_carpet":3,"minecraft:bone":3,"minecraft:chipped_anvil":1,"minecraft:moss_block":5,"minecraft:birch_sapling":4,"minecraft:book":3,"minecraft:stick":2,"minecraft:spyglass":1,"minecraft:spruce_log":10,"minecraft:light_blue_terracotta":1,"minecraft:spruce_sign":1,"minecraft:white_terracotta":2,"minecraft:iron_bars":3,"minecraft:white_wool":28,"minecraft:cobblestone":119}},"DataVersion":3465}