{"stats":{"minecraft:mined":{"create:deepslate_zinc_ore":13,"minecraft:spruce_planks":389,"minecraft:white_bed":5,"minecraft:mossy_stone_brick_slab":1,"minecraft:black_terracotta":5,"argentinas_delight:hoguerasinlena":1,"minecraft:red_nether_bricks":3,"minecraft:spruce_trapdoor":14,"minecraft:obsidian":28,"minecraft:brewing_stand":4,"minecraft:cave_vines_plant":1,"argentinas_delight:hojasdemate":95,"minecraft:stone_brick_wall":2,"minecraft:grass_block":424,"minecraft:cracked_polished_blackstone_bricks":1,"minecraft:deepslate_bricks":53,"minecraft:soul_soil":8,"minecraft:polished_blackstone_brick_slab":5,"minecraft:hopper":1,"minecraft:nether_wart":6,"minecraft:spawner":25,"minecraft:polished_blackstone_bricks":145,"minecraft:weeping_vines_plant":2,"minecraft:magma_block":5938,"minecraft:mossy_cobblestone_stairs":1,"minecraft:iron_ore":13,"minecraft:fire":5,"minecraft:cobbled_deepslate":4,"argentinas_delight:mateamargo":7,"minecraft:pumpkin":6,"minecraft:nether_brick_stairs":1,"argentinas_delight:ramasdematedeyerba":3,"minecraft:enchanting_table":1,"create:asurine":21,"minecraft:water_cauldron":3,"minecraft:dirt_path":1,"minecraft:iron_bars":125,"argentinas_delight:basedearbolmate":2,"minecraft:oak_stairs":1,"minecraft:deepslate_brick_stairs":91,"minecraft:spruce_slab":13,"minecraft:deepslate_redstone_ore":4,"minecraft:brown_mushroom":10,"minecraft:potted_brown_mushroom":1,"minecraft:red_bed":9,"minecraft:blackstone":250,"minecraft:melon_stem":1,"minecraft:soul_fire":2,"minecraft:deepslate_brick_wall":27,"minecraft:crimson_nylium":263,"stalwart_dungeons:transient_block_close":9,"minecraft:torch":1,"minecraft:calcite":6,"minecraft:poppy":6,"minecraft:chest":2,"create:scoria":1,"minecraft:white_stained_glass_pane":6,"minecraft:glass":6,"minecraft:nether_quartz_ore":651,"minecraft:cobblestone":15,"minecraft:grindstone":1,"minecraft:damaged_anvil":4,"minecraft:sugar_cane":33,"minecraft:bricks":12,"minecraft:white_terracotta":2,"minecraft:light_blue_terracotta":1,"minecraft:birch_log":11,"minecraft:wheat":108,"minecraft:grass":33,"minecraft:cracked_deepslate_tiles":9,"minecraft:oak_log":56,"minecraft:loom":1,"minecraft:sand":3354,"minecraft:dirt":483,"minecraft:smooth_basalt":1,"minecraft:ancient_debris":45,"minecraft:netherrack":89657,"minecraft:deepslate":1842,"minecraft:nether_gold_ore":5,"minecraft:light_blue_stained_glass_pane":7,"minecraft:deepslate_tiles":20,"argentinas_delight:pavallena":2,"minecraft:tuff":71,"minecraft:mossy_cobblestone":4,"stalwart_dungeons:soul_bricks":2,"minecraft:deepslate_diamond_ore":28,"argentinas_delight:pimpolloyerba":3,"minecraft:nether_bricks":134,"minecraft:dark_oak_fence":2,"minecraft:purple_terracotta":9,"minecraft:allium":10,"minecraft:spruce_fence":53,"minecraft:decorated_pot":1,"minecraft:crimson_roots":1,"minecraft:weeping_vines":2,"argentinas_delight:mateyerbaseca":1,"minecraft:spruce_leaves":138,"minecraft:cartography_table":1,"minecraft:large_fern":1,"minecraft:hay_block":56,"minecraft:deepslate_brick_slab":19,"minecraft:spruce_sapling":10,"minecraft:furnace":1,"minecraft:andesite":51,"minecraft:stripped_spruce_log":92,"minecraft:bookshelf":22,"minecraft:vine":1,"minecraft:lantern":9,"minecraft:stone":1206,"minecraft:white_wool":28,"minecraft:podzol":3,"minecraft:smithing_table":1,"minecraft:scaffolding":1,"minecraft:soul_sand":6,"minecraft:basalt":2,"minecraft:dandelion":1,"minecraft:polished_blackstone_brick_wall":2,"minecraft:spruce_door":12,"minecraft:oak_fence":1,"minecraft:crafting_table":1,"minecraft:cornflower":1,"minecraft:blackstone_slab":1,"argentinas_delight:pavacaliente":1,"minecraft:campfire":1,"minecraft:stone_slab":2,"minecraft:tall_grass":3,"minecraft:lapis_ore":2,"minecraft:deepslate_gold_ore":23,"minecraft:polished_blackstone_brick_stairs":2,"minecraft:cracked_deepslate_bricks":31,"minecraft:blue_bed":1,"minecraft:spruce_stairs":98,"minecraft:light_blue_bed":2,"minecraft:cobblestone_wall":1,"minecraft:spruce_log":4006,"minecraft:birch_leaves":1,"minecraft:pitcher_crop":1,"minecraft:coal_ore":5,"minecraft:gravel":444,"minecraft:cobweb":5,"minecraft:cracked_stone_bricks":1,"minecraft:polished_blackstone":1,"minecraft:mossy_stone_bricks":1,"minecraft:gold_ore":1,"minecraft:stone_bricks":140,"minecraft:chipped_anvil":1,"minecraft:fern":5},"minecraft:dropped":{"minecraft:spruce_sign":1,"minecraft:diamond_axe":1,"minecraft:crossbow":1,"minecraft:weeping_vines":1,"minecraft:saddle":1,"minecraft:leather_helmet":1,"minecraft:red_carpet":3,"minecraft:flint":27,"minecraft:emerald":1,"minecraft:cracked_polished_blackstone_bricks":1,"minecraft:dirt":261,"minecraft:dark_oak_fence":1,"minecraft:crimson_roots":30,"minecraft:gold_nugget":5,"minecraft:sand":3047,"minecraft:polished_blackstone_bricks":5,"minecraft:iron_pickaxe":1,"minecraft:birch_log":6,"minecraft:gold_ingot":14,"minecraft:bone":1,"tombstone:lollipop":2,"minecraft:gravel":128,"minecraft:crimson_fungus":7,"minecraft:blackstone":5,"minecraft:spyglass":1,"minecraft:golden_chestplate":1,"alexsmobs:animal_dictionary":1,"alexscaves:cave_tablet":4,"minecraft:netherite_sword":2,"minecraft:birch_sapling":4,"tombstone:gift":1,"minecraft:rotten_flesh":11,"minecraft:diamond_shovel":1,"minecraft:white_bed":1,"minecraft:chainmail_chestplate":1,"minecraft:poppy":1,"alexsmobs:blood_sac":3,"minecraft:deepslate_tiles":1,"create:scoria":1,"minecraft:melon_seeds":2,"minecraft:leather_boots":1,"minecraft:chest":2,"minecraft:arrow":3,"cataclysm:infernal_forge":1,"minecraft:scaffolding":1,"minecraft:stone_brick_stairs":1,"minecraft:quartz":55,"minecraft:netherrack":9650,"minecraft:iron_ingot":1,"minecraft:bread":9,"minecraft:netherite_pickaxe":3,"argentinas_delight:mateamargoitem":1,"minecraft:wheat_seeds":1,"minecraft:deepslate_brick_wall":5,"minecraft:minecart":13,"minecraft:netherite_axe":1,"minecraft:oak_fence":1,"minecraft:golden_axe":1,"minecraft:cobblestone":71,"minecraft:book":3,"minecraft:stick":3,"minecraft:brewing_stand":1,"tombstone:grave_dust":1,"minecraft:spruce_sapling":10,"minecraft:dandelion":2,"minecraft:soul_soil":7,"minecraft:stone_sword":1,"minecraft:white_carpet":1,"alexsmobs:ancient_dart":1,"minecraft:spruce_fence":2,"minecraft:pumpkin_seeds":7,"minecraft:diamond_sword":2,"minecraft:spruce_planks":64,"minecraft:spruce_trapdoor":3,"minecraft:iron_chestplate":2,"minecraft:golden_sword":4,"easy_villagers:villager":1,"minecraft:diamond_boots":1,"minecraft:spruce_log":64,"sophisticatedbackpacks:copper_backpack":2,"minecraft:bow":1,"minecraft:stone_pickaxe":2,"minecraft:raw_gold":90,"cataclysm:monstrous_horn":1,"minecraft:magma_block":138},"minecraft:killed":{"guardvillagers:guard":5,"minecraft:zombified_piglin":8,"minecraft:spider":3,"minecraft:skeleton":13,"minecraft:illusioner":2,"minecraft:piglin_brute":9,"minecraft:piglin":5,"minecraft:creeper":1,"alexsmobs:crimson_mosquito":12,"minecraft:pillager":7,"minecraft:zombie":20,"alexsmobs:terrapin":2,"minecraft:blaze":2,"minecraft:cow":2,"alexsmobs:dropbear":1,"stalwart_dungeons:nether_wart_cocoon":6,"stalwart_dungeons:reinforced_blaze":2,"minecraft:hoglin":1,"minecraft:wither_skeleton":13,"minecraft:player":2},"minecraft:broken":{"minecraft:stone_axe":1,"minecraft:wooden_pickaxe":1,"minecraft:iron_axe":1},"minecraft:picked_up":{"minecraft:iron_chestplate":2,"minecraft:wheat":110,"minecraft:chainmail_boots":1,"cataclysm:monstrous_horn":1,"minecraft:flower_pot":1,"minecraft:smithing_table":2,"minecraft:stone_slab":6,"minecraft:diamond_sword":2,"minecraft:enchanted_book":6,"minecraft:potion":3,"minecraft:stone_brick_stairs":3,"minecraft:brewing_stand":5,"minecraft:golden_sword":9,"minecraft:string":20,"minecraft:polished_blackstone_brick_stairs":2,"argentinas_delight:parrilla":1,"minecraft:soul_soil":7,"alexsmobs:ancient_dart":1,"minecraft:red_nether_bricks":1,"minecraft:armor_stand":3,"alexsmobs:dropbear_claw":4,"minecraft:sea_pickle":1,"alexsmobs:blood_sac":7,"minecraft:deepslate_tiles":43,"minecraft:gold_nugget":93,"minecraft:cobbled_deepslate":138,"minecraft:spruce_planks":468,"minecraft:cobblestone_slab":6,"minecraft:calcite":6,"minecraft:netherite_upgrade_smithing_template":14,"minecraft:iron_pickaxe":2,"minecraft:coal_block":7,"argentinas_delight:mateamargoitem":8,"minecraft:furnace":1,"minecraft:polished_blackstone_brick_slab":5,"minecraft:stick":388,"minecraft:deepslate_brick_wall":30,"minecraft:oak_fence":1,"minecraft:torch":11,"minecraft:spruce_stairs":96,"minecraft:golden_axe":2,"tombstone:grave_dust":8,"argentinas_delight:pavallena":5,"minecraft:cauldron":3,"tombstone:lollipop":2,"stalwart_dungeons:soul_magma_bricks":1,"easy_villagers:villager":2,"minecraft:rotten_flesh":64,"create:scoria":1,"create:asurine":21,"minecraft:white_terracotta":2,"minecraft:blaze_rod":7,"minecraft:deepslate_brick_stairs":136,"minecraft:obsidian":28,"minecraft:iron_bars":137,"minecraft:blaze_powder":1,"minecraft:cobblestone":1225,"minecraft:birch_log":11,"minecraft:enchanting_table":1,"relics:roller_skates":3,"minecraft:magma_block":7286,"minecraft:leather_chestplate":1,"minecraft:cooked_beef":6,"minecraft:andesite":49,"minecraft:potato":13,"minecraft:flint":53,"minecraft:tuff":5,"create:raw_zinc":34,"minecraft:lapis_lazuli":10,"minecraft:dirt":910,"minecraft:lantern":27,"minecraft:name_tag":2,"minecraft:leather_boots":1,"minecraft:glass":5055,"stalwart_dungeons:blaze_armor_scrap":2,"minecraft:bone":8,"minecraft:chipped_anvil":1,"minecraft:bow":4,"minecraft:wheat_seeds":321,"minecraft:deepslate_brick_slab":18,"minecraft:raw_gold":84,"minecraft:grindstone":1,"minecraft:netherite_axe":1,"minecraft:mossy_stone_bricks":1,"minecraft:moss_block":5,"minecraft:black_terracotta":5,"relics:hunter_belt":3,"minecraft:sand":3496,"minecraft:stripped_spruce_log":125,"minecraft:nether_brick_stairs":1,"argentinas_delight:yerbamate":26,"alexsmobs:animal_dictionary":1,"minecraft:mossy_cobblestone":12,"minecraft:bundle":1,"minecraft:spruce_fence_gate":2,"minecraft:light_blue_terracotta":1,"minecraft:spruce_boat":1,"minecraft:diamond":51,"minecraft:cracked_polished_blackstone_bricks":1,"minecraft:crossbow":4,"minecraft:golden_apple":2,"minecraft:spruce_sign":3,"minecraft:emerald":9,"minecraft:bread":132,"argentinas_delight:pava":2,"minecraft:oak_sapling":15,"minecraft:netherrack":13784,"minecraft:dark_oak_fence":1,"minecraft:bricks":12,"minecraft:crimson_roots":47,"minecraft:charcoal":2,"minecraft:crafting_table":2,"minecraft:allium":14,"minecraft:splash_potion":2,"minecraft:nether_wart":10,"minecraft:brown_mushroom":10,"minecraft:stone_brick_wall":2,"stalwart_dungeons:soul_bricks":4,"minecraft:shield":3,"minecraft:snow":145,"minecraft:cornflower":1,"minecraft:red_bed":9,"minecraft:compass":1,"minecraft:white_carpet":10,"minecraft:iron_shovel":1,"minecraft:blackstone":121,"minecraft:cracked_stone_bricks":1,"minecraft:cartography_table":1,"minecraft:netherite_sword":2,"minecraft:beef":6,"minecraft:minecart":5,"minecraft:poppy":14,"minecraft:spruce_slab":22,"minecraft:sugar_cane":71,"minecraft:chest":4,"minecraft:birch_sapling":4,"minecraft:spruce_trapdoor":36,"minecraft:raw_copper_block":11,"minecraft:raw_iron":51,"argentinas_delight:pavacalientetool":1,"minecraft:copper_ingot":19,"ironchest:iron_chest":2,"minecraft:spruce_fence":101,"minecraft:polished_blackstone_bricks":162,"minecraft:netherite_pickaxe":3,"minecraft:redstone":18,"minecraft:light_blue_bed":2,"minecraft:purple_terracotta":9,"minecraft:arrow":72,"minecraft:weeping_vines":1,"stalwart_dungeons:raw_tungsten":11,"minecraft:nether_bricks":133,"minecraft:deepslate_bricks":96,"minecraft:diamond_boots":1,"minecraft:hay_block":56,"handcrafted:fancy_painting":3,"alexscaves:spelunkery_table":1,"minecraft:cracked_deepslate_bricks":51,"minecraft:gold_ingot":65,"minecraft:saddle":2,"tombstone:essence_of_undeath":2,"minecraft:polished_blackstone":1,"minecraft:rail":8,"minecraft:white_wool":71,"minecraft:cracked_deepslate_tiles":24,"relics:ice_skates":4,"minecraft:basalt":3,"minecraft:golden_carrot":57,"minecraft:leather":8,"minecraft:blackstone_slab":2,"minecraft:birch_planks":3,"minecraft:crimson_fungus":9,"minecraft:oak_log":56,"minecraft:chainmail_chestplate":1,"minecraft:ancient_debris":45,"minecraft:cobblestone_wall":5,"minecraft:gunpowder":4,"alexsmobs:mosquito_proboscis":1,"minecraft:blue_bed":1,"tombstone:gift":2,"minecraft:white_banner":9,"minecraft:red_carpet":3,"cataclysm:infernal_forge":1,"minecraft:apple":4,"minecraft:stone_bricks":74,"minecraft:iron_ingot":145,"tombstone:bag_of_seeds":1,"minecraft:iron_sword":3,"minecraft:soul_sand":8,"sophisticatedbackpacks:diamond_backpack":3,"minecraft:book":132,"gemsnjewels:enchanted_gold_ring":1,"minecraft:scaffolding":1,"minecraft:smooth_basalt":1,"minecraft:pitcher_plant":1,"minecraft:pumpkin":6,"minecraft:sweet_berries":10,"minecraft:quartz":209,"minecraft:dandelion":13,"minecraft:spyglass":1,"minecraft:gravel":197,"minecraft:spruce_sapling":389,"minecraft:white_bed":9,"minecraft:spruce_log":4229,"minecraft:spider_eye":2,"argentinas_delight:mateyerbaseca":1,"minecraft:mossy_stone_brick_slab":1,"minecraft:spruce_door":24,"minecraft:leather_helmet":1,"gemsnjewels:sable_amethyst":2,"minecraft:diamond_shovel":4,"minecraft:pumpkin_seeds":14,"minecraft:diamond_axe":3,"minecraft:polished_blackstone_brick_wall":9,"minecraft:baked_potato":2,"tombstone:magic_scroll":1,"argentinas_delight:cuernodetoro":1,"minecraft:damaged_anvil":5,"minecraft:melon_seeds":4,"minecraft:coal":77,"minecraft:hopper":1},"minecraft:killed_by":{"minecraft:wither_skeleton":1,"minecraft:piglin_brute":4,"minecraft:zombie":2,"alexsmobs:grizzly_bear":1,"stalwart_dungeons:reinforced_blaze":1,"minecraft:player":4,"minecraft:skeleton":1,"cataclysm:netherite_monstrosity":10,"guardvillagers:guard":1},"minecraft:custom":{"minecraft:interact_with_crafting_table":127,"minecraft:open_barrel":42,"minecraft:bell_ring":3,"minecraft:eat_cake_slice":1,"minecraft:leave_game":47,"minecraft:time_since_death":81611,"minecraft:damage_resisted":96,"minecraft:sprint_one_cm":2438477,"minecraft:damage_blocked_by_shield":6358,"tombstone:eaten_lollipop":2,"minecraft:drop":390,"minecraft:talked_to_villager":304,"minecraft:play_time":946471,"minecraft:deaths":42,"minecraft:jump":13575,"minecraft:interact_with_brewingstand":18,"minecraft:walk_on_water_one_cm":93314,"minecraft:interact_with_furnace":36,"minecraft:traded_with_villager":1252,"minecraft:interact_with_cartography_table":1,"minecraft:interact_with_loom":5,"minecraft:sleep_in_bed":20,"minecraft:waystone_activated":5,"minecraft:damage_dealt":30151,"minecraft:player_kills":2,"minecraft:crouch_one_cm":158156,"tombstone:undead_killed":54,"minecraft:interact_with_smithing_table":14,"minecraft:interact_with_anvil":50,"minecraft:mob_kills":167,"minecraft:inspect_hopper":1,"minecraft:climb_one_cm":19763,"minecraft:walk_one_cm":2166314,"minecraft:damage_dealt_absorbed":160,"minecraft:sneak_time":34542,"minecraft:walk_under_water_one_cm":40613,"minecraft:boat_one_cm":40050,"minecraft:interact_with_lectern":3,"minecraft:interact_with_blast_furnace":12,"minecraft:total_world_time":946471,"minecraft:interact_with_grindstone":1,"minecraft:interact_with_stonecutter":2,"minecraft:time_since_rest":57181,"minecraft:damage_taken":27832,"tombstone:cast_on_ally":1,"minecraft:swim_one_cm":91290,"minecraft:fly_one_cm":2586350,"minecraft:open_chest":909,"minecraft:fall_one_cm":473545},"minecraft:used":{"minecraft:beetroot":1,"minecraft:spruce_slab":53,"minecraft:poppy":2,"tombstone:lollipop":2,"minecraft:chest":4,"minecraft:iron_sword":80,"minecraft:shield":101,"minecraft:nether_bricks":118,"minecraft:deepslate_brick_slab":1,"ironchest:iron_chest":2,"minecraft:cracked_deepslate_tiles":13,"easy_villagers:converter":1,"minecraft:obsidian":10,"minecraft:glass":256,"minecraft:spruce_boat":2,"minecraft:lantern":1,"minecraft:light_blue_bed":1,"easy_villagers:iron_farm":4,"minecraft:stone_bricks":135,"argentinas_delight:pavallena":5,"minecraft:magma_block":669,"minecraft:bow":24,"minecraft:oak_sapling":1,"minecraft:furnace":4,"minecraft:deepslate_brick_wall":3,"minecraft:damaged_anvil":1,"minecraft:oak_planks":13,"minecraft:spruce_door":4,"minecraft:stone_pickaxe":89,"minecraft:blackstone":46,"minecraft:wooden_pickaxe":59,"minecraft:sugar_cane":25,"minecraft:composter":4,"minecraft:blue_bed":1,"minecraft:diamond_axe":4396,"minecraft:deepslate_brick_stairs":24,"minecraft:deepslate_tiles":56,"easy_villagers:villager":47,"minecraft:bread":289,"ironchest:iron_to_gold_chest_upgrade":1,"tombstone:grave_key":24,"minecraft:gravel":4,"minecraft:diamond_sword":342,"argentinas_delight:matevacio":1,"minecraft:grindstone":1,"minecraft:smithing_table":1,"ironchest:wood_to_iron_chest_upgrade":4,"minecraft:netherite_sword":24,"handcrafted:fancy_painting":6,"minecraft:iron_bars":5,"minecraft:stone_sword":33,"minecraft:flint_and_steel":3,"minecraft:spruce_planks":253,"argentinas_delight:mateyerbaseca":7,"argentinas_delight:yerbamate":8,"minecraft:netherrack":731,"minecraft:torch":31,"minecraft:brewing_stand":4,"minecraft:dirt":570,"minecraft:spyglass":6,"minecraft:hopper":5,"minecraft:spruce_fence":26,"minecraft:chipped_anvil":1,"argentinas_delight:mateamargoitem":7,"minecraft:iron_axe":410,"minecraft:golden_carrot":202,"minecraft:minecart":1,"minecraft:netherite_pickaxe":68729,"handcrafted:vindicator_trophy":1,"minecraft:cooked_beef":7,"minecraft:water_bucket":27,"minecraft:birch_planks":4,"ironchest:gold_to_diamond_chest_upgrade":1,"minecraft:glass_bottle":16,"minecraft:baked_potato":3,"gemsnjewels:diamond_set_gold_ring":6,"minecraft:spruce_sign":18,"minecraft:spruce_fence_gate":5,"minecraft:stonecutter":1,"argentinas_delight:pava":2,"minecraft:deepslate_bricks":64,"minecraft:polished_blackstone_bricks":73,"minecraft:crafting_table":9,"minecraft:red_bed":9,"minecraft:white_bed":19,"minecraft:spruce_log":3,"argentinas_delight:pavacalientetool":17,"tombstone:bag_of_seeds":2,"minecraft:cornflower":1,"minecraft:diamond_pickaxe":31952,"minecraft:diamond_shovel":4637,"minecraft:iron_pickaxe":284,"minecraft:spruce_trapdoor":2,"minecraft:spruce_sapling":373,"minecraft:stone_axe":130,"minecraft:cobblestone":258,"minecraft:cooked_porkchop":1,"minecraft:bucket":32,"alexsmobs:animal_dictionary":1,"minecraft:splash_potion":2},"minecraft:crafted":{"minecraft:oak_planks":224,"minecraft:cobblestone_slab":6,"gemsnjewels:diamond_set_gold_ring":6,"minecraft:blaze_powder":14,"minecraft:stone":5,"minecraft:diamond_shovel":1,"minecraft:glass":90,"minecraft:hopper":8,"minecraft:bow":2,"minecraft:diamond_helmet":1,"minecraft:diamond_leggings":1,"minecraft:netherite_boots":1,"minecraft:raw_copper":99,"minecraft:chest":25,"minecraft:oak_button":52,"minecraft:rail":16,"minecraft:name_tag":1,"minecraft:glass_bottle":12,"sophisticatedbackpacks:backpack":2,"minecraft:arrow":80,"minecraft:emerald":999,"minecraft:diamond_axe":2,"minecraft:crafting_table":7,"minecraft:spruce_planks":15852,"minecraft:wooden_pickaxe":1,"minecraft:iron_helmet":10,"minecraft:spruce_door":3,"minecraft:copper_ingot":22,"minecraft:birch_planks":20,"minecraft:painting":4,"minecraft:spruce_trapdoor":42,"minecraft:diamond_pickaxe":1,"minecraft:shield":16,"sophisticatedbackpacks:diamond_backpack":2,"minecraft:stick":30276,"advancednetherite:netherite_diamond_ingot":2,"minecraft:iron_ingot":45,"minecraft:iron_pickaxe":1,"minecraft:stone_sword":1,"minecraft:gold_ingot":98,"minecraft:netherite_ingot":9,"minecraft:composter":4,"minecraft:spruce_fence_gate":3,"minecraft:golden_carrot":231,"minecraft:redstone":60,"minecraft:netherite_sword":1,"minecraft:spruce_button":106,"minecraft:furnace":4,"easy_villagers:iron_farm":4,"ironchest:gold_to_diamond_chest_upgrade":1,"minecraft:spruce_fence":30,"minecraft:white_carpet":6,"handcrafted:vindicator_trophy":1,"minecraft:glass_pane":48,"minecraft:flint_and_steel":1,"minecraft:lantern":10,"minecraft:netherite_leggings":1,"argentinas_delight:matevacio":1,"minecraft:iron_axe":2,"minecraft:ladder":3,"minecraft:spruce_slab":96,"minecraft:stone_pickaxe":2,"minecraft:cobblestone_wall":60,"minecraft:diamond_boots":1,"minecraft:spruce_boat":1,"argentinas_delight:parrilla":1,"minecraft:netherite_scrap":45,"minecraft:minecart":64,"sophisticatedbackpacks:iron_backpack":2,"minecraft:wheat":342,"advancednetherite:netherite_emerald_ingot":2,"minecraft:sugar":29,"advancednetherite:netherite_iron_ingot":2,"minecraft:netherite_pickaxe":1,"ironchest:wood_to_iron_chest_upgrade":3,"minecraft:diamond_sword":1,"advancednetherite:netherite_gold_ingot":2,"minecraft:spruce_sign":24,"minecraft:iron_sword":1,"sophisticatedbackpacks:gold_backpack":2,"minecraft:bucket":1,"minecraft:stone_axe":1,"minecraft:glowstone":18,"minecraft:enchanted_book":37,"minecraft:bread":218,"minecraft:air":0,"ironchest:iron_to_gold_chest_upgrade":1,"minecraft:golden_apple":5,"minecraft:gold_nugget":36,"minecraft:chainmail_boots":13,"minecraft:fermented_spider_eye":4,"argentinas_delight:pava":1,"easy_villagers:converter":1,"minecraft:lapis_lazuli":12,"handcrafted:fancy_painting":4,"minecraft:diamond_chestplate":1}},"DataVersion":3465}