{"stats":{"minecraft:dropped":{"minecraft:spruce_sign":1,"minecraft:crossbow":1,"minecraft:red_carpet":3,"minecraft:emerald":1,"minecraft:dirt":19,"minecraft:dark_oak_fence":1,"minecraft:birch_log":6,"minecraft:spyglass":1,"minecraft:golden_chestplate":1,"alexsmobs:animal_dictionary":1,"alexscaves:cave_tablet":4,"minecraft:birch_sapling":4,"minecraft:white_bed":1,"minecraft:chainmail_chestplate":1,"minecraft:leather_boots":1,"minecraft:chest":2,"minecraft:stone_brick_stairs":1,"minecraft:bread":8,"minecraft:wheat_seeds":1,"argentinas_delight:mateamargoitem":1,"minecraft:deepslate_brick_wall":5,"minecraft:oak_fence":1,"minecraft:book":3,"minecraft:stick":2,"minecraft:dandelion":2,"minecraft:stone_sword":1,"alexsmobs:ancient_dart":1,"minecraft:spruce_fence":2,"minecraft:pumpkin_seeds":7,"minecraft:diamond_sword":1,"minecraft:spruce_trapdoor":3,"easy_villagers:villager":1,"minecraft:stone_pickaxe":2},"minecraft:mined":{"create:deepslate_zinc_ore":13,"minecraft:spruce_planks":218,"minecraft:white_bed":3,"argentinas_delight:hoguerasinlena":1,"minecraft:obsidian":28,"minecraft:spruce_trapdoor":14,"minecraft:cave_vines_plant":1,"argentinas_delight:hojasdemate":95,"minecraft:grass_block":61,"minecraft:stone_brick_wall":2,"minecraft:deepslate_bricks":35,"minecraft:spawner":10,"minecraft:weeping_vines_plant":1,"minecraft:magma_block":1,"minecraft:fire":3,"argentinas_delight:mateamargo":7,"argentinas_delight:ramasdematedeyerba":3,"minecraft:water_cauldron":1,"argentinas_delight:basedearbolmate":2,"minecraft:oak_stairs":1,"minecraft:iron_bars":20,"minecraft:deepslate_brick_stairs":30,"minecraft:spruce_slab":7,"minecraft:deepslate_redstone_ore":4,"minecraft:red_bed":1,"minecraft:deepslate_brick_wall":22,"minecraft:poppy":3,"minecraft:chest":2,"minecraft:white_stained_glass_pane":4,"minecraft:cobblestone":11,"minecraft:grindstone":1,"minecraft:sugar_cane":5,"minecraft:damaged_anvil":1,"minecraft:white_terracotta":2,"minecraft:light_blue_terracotta":1,"minecraft:birch_log":11,"minecraft:grass":28,"minecraft:cracked_deepslate_tiles":9,"minecraft:oak_log":56,"minecraft:loom":1,"minecraft:dirt":23,"minecraft:netherrack":4,"minecraft:deepslate":1,"minecraft:light_blue_stained_glass_pane":5,"minecraft:deepslate_tiles":20,"argentinas_delight:pavallena":2,"minecraft:mossy_cobblestone":4,"minecraft:deepslate_diamond_ore":6,"argentinas_delight:pimpolloyerba":3,"minecraft:dark_oak_fence":2,"minecraft:allium":10,"minecraft:spruce_fence":39,"minecraft:decorated_pot":1,"minecraft:crimson_roots":1,"minecraft:weeping_vines":1,"argentinas_delight:mateyerbaseca":1,"minecraft:cartography_table":1,"minecraft:large_fern":1,"minecraft:hay_block":56,"minecraft:deepslate_brick_slab":12,"minecraft:spruce_sapling":2,"minecraft:furnace":1,"minecraft:stripped_spruce_log":87,"minecraft:bookshelf":3,"minecraft:vine":1,"minecraft:lantern":3,"minecraft:stone":315,"minecraft:white_wool":28,"minecraft:podzol":1,"minecraft:smithing_table":1,"minecraft:spruce_door":10,"minecraft:dandelion":1,"minecraft:oak_fence":1,"minecraft:crafting_table":1,"minecraft:cornflower":1,"argentinas_delight:pavacaliente":1,"minecraft:tall_grass":2,"minecraft:cracked_deepslate_bricks":24,"minecraft:blue_bed":1,"minecraft:spruce_stairs":72,"minecraft:light_blue_bed":2,"minecraft:cobblestone_wall":1,"minecraft:spruce_log":845,"minecraft:birch_leaves":1,"minecraft:gravel":48,"minecraft:stone_bricks":132,"minecraft:mossy_stone_bricks":1,"minecraft:chipped_anvil":1,"minecraft:fern":4},"minecraft:broken":{"minecraft:stone_axe":1,"minecraft:wooden_pickaxe":1,"minecraft:iron_axe":1},"minecraft:picked_up":{"minecraft:chainmail_boots":1,"minecraft:smithing_table":2,"minecraft:diamond_sword":1,"minecraft:enchanted_book":2,"minecraft:stone_brick_stairs":3,"argentinas_delight:parrilla":1,"minecraft:string":15,"alexsmobs:ancient_dart":1,"minecraft:red_nether_bricks":1,"minecraft:armor_stand":3,"minecraft:deepslate_tiles":43,"minecraft:cobbled_deepslate":1,"minecraft:spruce_planks":221,"minecraft:iron_pickaxe":1,"minecraft:coal_block":7,"argentinas_delight:mateamargoitem":8,"minecraft:furnace":1,"minecraft:stick":76,"minecraft:deepslate_brick_wall":23,"minecraft:oak_fence":1,"minecraft:torch":9,"minecraft:spruce_stairs":76,"tombstone:grave_dust":1,"minecraft:cauldron":1,"argentinas_delight:pavallena":5,"easy_villagers:villager":2,"minecraft:white_terracotta":2,"minecraft:deepslate_brick_stairs":24,"minecraft:obsidian":28,"minecraft:iron_bars":33,"minecraft:cobblestone":214,"minecraft:birch_log":11,"minecraft:leather_chestplate":1,"relics:roller_skates":3,"minecraft:potato":13,"minecraft:flint":25,"create:raw_zinc":34,"minecraft:dirt":88,"minecraft:lantern":18,"minecraft:leather_boots":1,"minecraft:bone":4,"minecraft:chipped_anvil":1,"minecraft:wheat_seeds":4,"minecraft:deepslate_brick_slab":12,"minecraft:grindstone":1,"minecraft:mossy_stone_bricks":1,"minecraft:moss_block":5,"minecraft:stripped_spruce_log":120,"argentinas_delight:yerbamate":26,"alexsmobs:animal_dictionary":1,"minecraft:mossy_cobblestone":12,"minecraft:spruce_fence_gate":2,"minecraft:light_blue_terracotta":1,"minecraft:diamond":6,"minecraft:crossbow":4,"minecraft:golden_apple":1,"minecraft:spruce_sign":1,"minecraft:bread":3,"minecraft:emerald":4,"argentinas_delight:pava":2,"minecraft:oak_sapling":15,"minecraft:netherrack":4,"minecraft:dark_oak_fence":1,"minecraft:crimson_roots":3,"minecraft:crafting_table":1,"minecraft:allium":12,"minecraft:stone_brick_wall":2,"minecraft:shield":3,"minecraft:cornflower":1,"minecraft:red_bed":1,"minecraft:white_carpet":3,"minecraft:compass":1,"minecraft:iron_shovel":1,"minecraft:cartography_table":1,"minecraft:beef":6,"minecraft:poppy":9,"minecraft:spruce_slab":16,"minecraft:sugar_cane":21,"minecraft:chest":4,"minecraft:birch_sapling":4,"minecraft:spruce_trapdoor":25,"minecraft:raw_copper_block":11,"minecraft:raw_iron":25,"minecraft:copper_ingot":19,"argentinas_delight:pavacalientetool":1,"minecraft:spruce_fence":86,"minecraft:redstone":18,"minecraft:light_blue_bed":2,"minecraft:deepslate_bricks":78,"minecraft:hay_block":56,"alexscaves:spelunkery_table":1,"minecraft:cracked_deepslate_bricks":48,"minecraft:saddle":2,"tombstone:essence_of_undeath":2,"minecraft:white_wool":56,"minecraft:cracked_deepslate_tiles":24,"relics:ice_skates":2,"minecraft:leather":3,"minecraft:birch_planks":3,"minecraft:oak_log":56,"minecraft:chainmail_chestplate":1,"minecraft:gunpowder":4,"minecraft:cobblestone_wall":1,"minecraft:blue_bed":1,"minecraft:white_banner":9,"minecraft:red_carpet":3,"minecraft:apple":4,"minecraft:stone_bricks":66,"minecraft:iron_ingot":9,"minecraft:iron_sword":3,"minecraft:book":33,"gemsnjewels:enchanted_gold_ring":1,"minecraft:sweet_berries":10,"minecraft:dandelion":4,"minecraft:spyglass":1,"minecraft:gravel":32,"minecraft:spruce_sapling":73,"minecraft:white_bed":7,"minecraft:spruce_log":850,"minecraft:spruce_door":20,"argentinas_delight:mateyerbaseca":1,"minecraft:spider_eye":1,"gemsnjewels:sable_amethyst":2,"minecraft:pumpkin_seeds":14,"minecraft:baked_potato":2,"argentinas_delight:cuernodetoro":1,"minecraft:damaged_anvil":2,"minecraft:coal":64},"minecraft:crafted":{"minecraft:oak_planks":224,"gemsnjewels:diamond_set_gold_ring":3,"minecraft:diamond_leggings":1,"minecraft:diamond_helmet":1,"minecraft:raw_copper":99,"minecraft:oak_button":52,"minecraft:emerald":199,"minecraft:diamond_axe":1,"minecraft:crafting_table":6,"minecraft:spruce_planks":3348,"minecraft:wooden_pickaxe":1,"minecraft:iron_helmet":10,"minecraft:spruce_door":3,"minecraft:copper_ingot":22,"minecraft:birch_planks":20,"minecraft:spruce_trapdoor":4,"minecraft:diamond_pickaxe":1,"minecraft:shield":16,"minecraft:stick":6224,"minecraft:iron_pickaxe":1,"minecraft:stone_sword":1,"minecraft:composter":4,"minecraft:spruce_fence_gate":3,"minecraft:spruce_button":106,"minecraft:furnace":1,"minecraft:spruce_fence":30,"minecraft:flint_and_steel":1,"argentinas_delight:matevacio":1,"minecraft:iron_axe":2,"minecraft:spruce_slab":72,"minecraft:stone_pickaxe":2,"minecraft:diamond_boots":1,"minecraft:spruce_boat":1,"argentinas_delight:parrilla":1,"minecraft:wheat":189,"minecraft:diamond_sword":1,"minecraft:spruce_sign":21,"minecraft:iron_sword":1,"minecraft:bucket":1,"minecraft:stone_axe":1,"minecraft:enchanted_book":2,"minecraft:bread":63,"minecraft:air":0,"minecraft:gold_nugget":36,"minecraft:chainmail_boots":13,"argentinas_delight:pava":1,"minecraft:diamond_chestplate":1},"minecraft:killed_by":{"minecraft:zombie":2,"alexsmobs:grizzly_bear":1,"minecraft:skeleton":1,"guardvillagers:guard":1},"minecraft:used":{"minecraft:spruce_slab":30,"minecraft:shield":25,"minecraft:iron_sword":80,"minecraft:obsidian":10,"minecraft:spruce_boat":1,"minecraft:lantern":1,"minecraft:light_blue_bed":1,"argentinas_delight:pavallena":5,"minecraft:furnace":1,"minecraft:oak_sapling":1,"minecraft:damaged_anvil":1,"minecraft:spruce_door":2,"minecraft:stone_pickaxe":89,"minecraft:oak_planks":13,"minecraft:wooden_pickaxe":59,"minecraft:composter":4,"minecraft:blue_bed":1,"minecraft:diamond_axe":867,"easy_villagers:villager":25,"minecraft:bread":69,"minecraft:gravel":4,"minecraft:diamond_sword":60,"argentinas_delight:matevacio":1,"minecraft:grindstone":1,"minecraft:smithing_table":1,"minecraft:iron_bars":5,"minecraft:stone_sword":33,"minecraft:flint_and_steel":3,"minecraft:spruce_planks":194,"argentinas_delight:mateyerbaseca":7,"argentinas_delight:yerbamate":8,"minecraft:torch":15,"minecraft:dirt":20,"minecraft:spyglass":6,"minecraft:spruce_fence":20,"minecraft:chipped_anvil":1,"argentinas_delight:mateamargoitem":7,"minecraft:iron_axe":410,"minecraft:cooked_beef":4,"minecraft:water_bucket":12,"minecraft:birch_planks":4,"minecraft:baked_potato":3,"gemsnjewels:diamond_set_gold_ring":3,"minecraft:spruce_sign":13,"argentinas_delight:pava":2,"minecraft:stonecutter":1,"minecraft:spruce_fence_gate":5,"minecraft:crafting_table":7,"minecraft:red_bed":1,"minecraft:white_bed":17,"argentinas_delight:pavacalientetool":17,"minecraft:diamond_pickaxe":310,"minecraft:cornflower":1,"minecraft:diamond_shovel":95,"minecraft:iron_pickaxe":279,"minecraft:spruce_trapdoor":2,"minecraft:spruce_sapling":72,"minecraft:stone_axe":130,"minecraft:cobblestone":134,"minecraft:bucket":13,"alexsmobs:animal_dictionary":1},"minecraft:killed":{"guardvillagers:guard":5,"minecraft:spider":2,"minecraft:skeleton":5,"minecraft:pillager":1,"minecraft:zombie":14,"minecraft:cow":2,"minecraft:player":2},"minecraft:custom":{"minecraft:interact_with_crafting_table":48,"minecraft:open_barrel":15,"minecraft:bell_ring":3,"minecraft:eat_cake_slice":1,"minecraft:leave_game":13,"minecraft:time_since_death":27651,"minecraft:sprint_one_cm":754786,"minecraft:damage_blocked_by_shield":1180,"minecraft:drop":58,"minecraft:talked_to_villager":56,"minecraft:play_time":257462,"minecraft:deaths":5,"minecraft:jump":4661,"minecraft:walk_on_water_one_cm":52512,"minecraft:interact_with_furnace":4,"minecraft:traded_with_villager":242,"minecraft:interact_with_loom":2,"minecraft:sleep_in_bed":9,"minecraft:waystone_activated":5,"minecraft:damage_dealt":6701,"minecraft:player_kills":2,"minecraft:crouch_one_cm":13319,"tombstone:undead_killed":19,"minecraft:interact_with_smithing_table":2,"minecraft:mob_kills":30,"minecraft:interact_with_anvil":1,"minecraft:climb_one_cm":9308,"minecraft:walk_one_cm":595031,"minecraft:sneak_time":4189,"minecraft:walk_under_water_one_cm":26525,"minecraft:boat_one_cm":40050,"minecraft:interact_with_blast_furnace":1,"minecraft:total_world_time":257462,"minecraft:interact_with_grindstone":1,"minecraft:interact_with_stonecutter":2,"minecraft:time_since_rest":27413,"minecraft:damage_taken":4119,"minecraft:swim_one_cm":34754,"minecraft:fly_one_cm":985134,"minecraft:open_chest":380,"minecraft:fall_one_cm":135459}},"DataVersion":3465}