{"stats":{"minecraft:crafted":{"minecraft:crafting_table":3,"minecraft:spruce_planks":40,"minecraft:wooden_pickaxe":1,"minecraft:furnace":1,"minecraft:birch_planks":20,"minecraft:stone_axe":1,"minecraft:shield":1,"minecraft:stick":12,"minecraft:iron_pickaxe":1,"minecraft:stone_pickaxe":2,"minecraft:stone_sword":1},"minecraft:picked_up":{"minecraft:birch_log":11,"relics:roller_skates":2,"minecraft:smithing_table":1,"minecraft:birch_planks":3,"minecraft:enchanted_book":2,"minecraft:shield":1,"create:raw_zinc":27,"minecraft:gunpowder":4,"minecraft:chainmail_chestplate":1,"minecraft:lantern":1,"minecraft:blue_bed":1,"minecraft:dirt":9,"minecraft:string":13,"minecraft:red_bed":1,"minecraft:white_banner":9,"alexsmobs:ancient_dart":1,"minecraft:compass":1,"minecraft:armor_stand":1,"minecraft:red_nether_bricks":1,"minecraft:white_carpet":3,"minecraft:bone":3,"minecraft:chipped_anvil":1,"minecraft:apple":3,"minecraft:iron_ingot":6,"minecraft:grindstone":1,"minecraft:iron_pickaxe":1,"minecraft:coal_block":7,"minecraft:moss_block":5,"minecraft:sugar_cane":14,"minecraft:birch_sapling":4,"gemsnjewels:enchanted_gold_ring":1,"minecraft:raw_copper_block":11,"minecraft:book":13,"minecraft:raw_iron":25,"minecraft:stick":2,"minecraft:oak_fence":1,"minecraft:torch":9,"minecraft:spyglass":1,"minecraft:white_bed":1,"minecraft:spruce_log":10,"minecraft:light_blue_bed":2,"minecraft:cauldron":1,"minecraft:mossy_cobblestone":8,"gemsnjewels:sable_amethyst":1,"easy_villagers:villager":2,"minecraft:diamond":2,"minecraft:light_blue_terracotta":1,"alexscaves:spelunkery_table":1,"minecraft:crossbow":1,"minecraft:golden_apple":1,"minecraft:saddle":1,"tombstone:essence_of_undeath":1,"minecraft:emerald":1,"minecraft:spruce_sign":1,"minecraft:baked_potato":2,"minecraft:white_terracotta":2,"minecraft:damaged_anvil":2,"minecraft:coal":64,"minecraft:dark_oak_fence":1,"minecraft:iron_bars":23,"minecraft:white_wool":56,"minecraft:cobblestone":129},"minecraft:broken":{"minecraft:wooden_pickaxe":1},"minecraft:dropped":{"minecraft:spruce_sign":1,"minecraft:bread":8,"minecraft:spyglass":1,"minecraft:golden_chestplate":1,"minecraft:stone_sword":1,"alexscaves:cave_tablet":4,"minecraft:birch_sapling":4,"minecraft:crossbow":1,"minecraft:oak_fence":1,"minecraft:book":3,"alexsmobs:ancient_dart":1,"minecraft:chainmail_chestplate":1,"minecraft:dirt":4,"minecraft:dark_oak_fence":1,"easy_villagers:villager":1,"minecraft:stone_pickaxe":2,"minecraft:birch_log":6},"minecraft:used":{"minecraft:stone_sword":33,"minecraft:birch_planks":4,"minecraft:stone_pickaxe":89,"minecraft:baked_potato":3,"minecraft:wooden_pickaxe":59,"minecraft:shield":13,"minecraft:iron_sword":56,"minecraft:blue_bed":1,"minecraft:torch":6,"minecraft:dirt":5,"minecraft:spyglass":6,"minecraft:crafting_table":3,"minecraft:red_bed":1,"minecraft:chipped_anvil":1,"minecraft:diamond_shovel":1,"minecraft:bread":20,"minecraft:iron_pickaxe":25,"minecraft:stone_axe":27,"minecraft:cobblestone":90,"minecraft:furnace":1,"alexsmobs:animal_dictionary":1,"minecraft:cooked_beef":4},"minecraft:custom":{"minecraft:mob_kills":6,"minecraft:interact_with_crafting_table":13,"minecraft:open_barrel":9,"minecraft:leave_game":6,"minecraft:time_since_death":2257,"minecraft:sleep_in_bed":3,"minecraft:climb_one_cm":3443,"minecraft:time_since_rest":1083,"minecraft:waystone_activated":2,"minecraft:sprint_one_cm":248809,"minecraft:damage_taken":2069,"minecraft:walk_one_cm":197685,"minecraft:damage_blocked_by_shield":640,"minecraft:drop":36,"minecraft:damage_dealt":2160,"minecraft:swim_one_cm":25186,"minecraft:player_kills":2,"minecraft:fly_one_cm":308774,"minecraft:open_chest":66,"minecraft:crouch_one_cm":7121,"minecraft:play_time":72589,"tombstone:undead_killed":4,"minecraft:deaths":3,"minecraft:sneak_time":1927,"minecraft:walk_under_water_one_cm":19726,"minecraft:jump":1597,"minecraft:walk_on_water_one_cm":25368,"minecraft:total_world_time":72589,"minecraft:fall_one_cm":49181},"minecraft:killed":{"minecraft:spider":1,"minecraft:skeleton":2,"minecraft:pillager":1,"minecraft:zombie":2,"minecraft:player":2},"minecraft:mined":{"minecraft:smithing_table":1,"minecraft:podzol":1,"create:deepslate_zinc_ore":6,"minecraft:red_bed":1,"minecraft:mossy_cobblestone":4,"minecraft:deepslate_diamond_ore":2,"minecraft:cave_vines_plant":1,"minecraft:oak_fence":1,"minecraft:dark_oak_fence":2,"minecraft:grass_block":3,"minecraft:decorated_pot":1,"minecraft:tall_grass":2,"minecraft:cobblestone":11,"minecraft:grindstone":1,"minecraft:sugar_cane":5,"minecraft:damaged_anvil":1,"minecraft:blue_bed":1,"minecraft:spawner":7,"minecraft:light_blue_terracotta":1,"minecraft:white_terracotta":2,"minecraft:light_blue_bed":2,"minecraft:birch_log":11,"minecraft:fire":1,"minecraft:spruce_log":10,"minecraft:birch_leaves":1,"minecraft:grass":4,"minecraft:water_cauldron":1,"minecraft:oak_stairs":1,"minecraft:iron_bars":10,"minecraft:loom":1,"minecraft:gravel":2,"minecraft:dirt":7,"minecraft:stone_bricks":2,"minecraft:stone":118,"minecraft:chipped_anvil":1,"minecraft:white_wool":28},"minecraft:killed_by":{"minecraft:skeleton":1,"minecraft:zombie":1,"alexsmobs:grizzly_bear":1}},"DataVersion":3465}