{"stats":{"minecraft:broken":{"minecraft:wooden_pickaxe":1},"minecraft:used":{"minecraft:stone_axe":8,"minecraft:dirt":1,"minecraft:cobblestone":2,"minecraft:crafting_table":1,"minecraft:birch_planks":4,"minecraft:wooden_pickaxe":59},"minecraft:custom":{"minecraft:open_chest":1,"minecraft:time_since_rest":9326,"minecraft:crouch_one_cm":1879,"minecraft:play_time":9326,"minecraft:sprint_one_cm":19846,"minecraft:walk_one_cm":22332,"minecraft:damage_taken":60,"minecraft:sneak_time":558,"minecraft:drop":7,"minecraft:jump":183,"minecraft:leave_game":2,"minecraft:time_since_death":9326,"minecraft:total_world_time":9326,"minecraft:interact_with_crafting_table":10,"minecraft:fall_one_cm":6086,"minecraft:fly_one_cm":29235},"minecraft:picked_up":{"minecraft:stick":2,"minecraft:cobblestone":59,"minecraft:birch_sapling":4,"minecraft:dirt":1,"minecraft:birch_log":11},"minecraft:dropped":{"minecraft:stone_pickaxe":1,"minecraft:birch_log":6},"minecraft:crafted":{"minecraft:stone_sword":1,"minecraft:furnace":1,"minecraft:birch_planks":20,"minecraft:stone_axe":1,"minecraft:crafting_table":1,"minecraft:stick":12,"minecraft:wooden_pickaxe":1,"minecraft:stone_pickaxe":2},"minecraft:mined":{"minecraft:grass_block":1,"minecraft:birch_log":11,"minecraft:stone":59,"minecraft:birch_leaves":1}},"DataVersion":3465}