{"stats":{"minecraft:crafted":{"minecraft:spruce_button":1,"minecraft:furnace":1,"minecraft:spruce_fence":30,"minecraft:flint_and_steel":1,"minecraft:raw_copper":99,"argentinas_delight:matevacio":1,"minecraft:iron_axe":2,"minecraft:spruce_slab":30,"minecraft:stone_pickaxe":2,"argentinas_delight:parrilla":1,"minecraft:crafting_table":3,"minecraft:spruce_planks":232,"minecraft:wooden_pickaxe":1,"minecraft:iron_sword":1,"minecraft:copper_ingot":22,"minecraft:bucket":1,"minecraft:birch_planks":20,"minecraft:stone_axe":1,"minecraft:air":0,"minecraft:shield":1,"minecraft:stick":52,"minecraft:iron_pickaxe":1,"argentinas_delight:pava":1,"minecraft:stone_sword":1,"minecraft:spruce_fence_gate":3},"minecraft:picked_up":{"minecraft:crafting_table":1,"minecraft:allium":8,"minecraft:smithing_table":1,"minecraft:enchanted_book":2,"minecraft:shield":1,"minecraft:cornflower":1,"minecraft:string":13,"minecraft:red_bed":1,"alexsmobs:ancient_dart":1,"minecraft:white_carpet":3,"minecraft:red_nether_bricks":1,"minecraft:armor_stand":2,"minecraft:compass":1,"minecraft:deepslate_tiles":43,"minecraft:cartography_table":1,"minecraft:spruce_planks":198,"minecraft:beef":4,"minecraft:spruce_slab":8,"minecraft:poppy":4,"minecraft:iron_pickaxe":1,"argentinas_delight:mateamargoitem":8,"minecraft:sugar_cane":14,"minecraft:coal_block":7,"minecraft:chest":4,"minecraft:birch_sapling":4,"minecraft:spruce_trapdoor":15,"minecraft:furnace":1,"minecraft:raw_copper_block":11,"minecraft:stick":22,"minecraft:raw_iron":25,"minecraft:deepslate_brick_wall":22,"argentinas_delight:pavacalientetool":1,"minecraft:oak_fence":1,"minecraft:torch":9,"minecraft:spruce_stairs":76,"minecraft:spruce_fence":46,"minecraft:light_blue_bed":2,"argentinas_delight:pavallena":5,"minecraft:cauldron":1,"easy_villagers:villager":2,"minecraft:deepslate_bricks":39,"alexscaves:spelunkery_table":1,"minecraft:cracked_deepslate_bricks":24,"minecraft:saddle":1,"tombstone:essence_of_undeath":1,"minecraft:white_terracotta":2,"minecraft:deepslate_brick_stairs":24,"minecraft:iron_bars":23,"minecraft:white_wool":56,"minecraft:cobblestone":129,"minecraft:cracked_deepslate_tiles":12,"minecraft:birch_log":11,"relics:ice_skates":1,"relics:roller_skates":2,"minecraft:leather":3,"minecraft:potato":13,"minecraft:birch_planks":3,"minecraft:flint":13,"create:raw_zinc":27,"minecraft:cobblestone_wall":1,"minecraft:chainmail_chestplate":1,"minecraft:gunpowder":4,"minecraft:dirt":51,"minecraft:blue_bed":1,"minecraft:lantern":10,"minecraft:white_banner":9,"minecraft:chipped_anvil":1,"minecraft:bone":3,"minecraft:apple":3,"minecraft:wheat_seeds":1,"minecraft:deepslate_brick_slab":12,"minecraft:grindstone":1,"minecraft:iron_ingot":6,"minecraft:moss_block":5,"minecraft:book":22,"gemsnjewels:enchanted_gold_ring":1,"minecraft:sweet_berries":5,"minecraft:dandelion":4,"minecraft:spyglass":1,"minecraft:gravel":32,"minecraft:stripped_spruce_log":95,"minecraft:white_bed":4,"minecraft:spruce_log":78,"argentinas_delight:yerbamate":20,"argentinas_delight:mateyerbaseca":1,"minecraft:spruce_door":10,"minecraft:mossy_cobblestone":8,"gemsnjewels:sable_amethyst":1,"minecraft:spruce_fence_gate":2,"minecraft:pumpkin_seeds":14,"minecraft:light_blue_terracotta":1,"minecraft:diamond":2,"minecraft:crossbow":1,"minecraft:golden_apple":1,"minecraft:bread":3,"minecraft:spruce_sign":1,"minecraft:emerald":3,"argentinas_delight:cuernodetoro":1,"minecraft:baked_potato":2,"argentinas_delight:pava":1,"minecraft:damaged_anvil":2,"minecraft:dark_oak_fence":1,"minecraft:coal":64},"minecraft:broken":{"minecraft:wooden_pickaxe":1,"minecraft:iron_axe":1,"minecraft:stone_axe":1},"minecraft:dropped":{"minecraft:spruce_sign":1,"minecraft:bread":8,"argentinas_delight:mateamargoitem":1,"minecraft:deepslate_brick_wall":5,"minecraft:oak_fence":1,"minecraft:crossbow":1,"minecraft:book":3,"minecraft:stick":2,"minecraft:dirt":18,"minecraft:dark_oak_fence":1,"minecraft:birch_log":6,"minecraft:dandelion":2,"minecraft:spyglass":1,"minecraft:golden_chestplate":1,"minecraft:stone_sword":1,"alexscaves:cave_tablet":4,"minecraft:birch_sapling":4,"alexsmobs:ancient_dart":1,"minecraft:spruce_fence":2,"minecraft:pumpkin_seeds":7,"minecraft:chainmail_chestplate":1,"minecraft:spruce_trapdoor":3,"minecraft:chest":2,"easy_villagers:villager":1,"minecraft:stone_pickaxe":2},"minecraft:used":{"minecraft:stone_sword":33,"minecraft:flint_and_steel":1,"minecraft:spruce_slab":30,"minecraft:spruce_planks":182,"minecraft:shield":13,"argentinas_delight:mateyerbaseca":7,"minecraft:iron_sword":60,"argentinas_delight:yerbamate":8,"minecraft:torch":6,"minecraft:dirt":5,"minecraft:spyglass":6,"minecraft:spruce_fence":20,"minecraft:chipped_anvil":1,"argentinas_delight:mateamargoitem":7,"minecraft:iron_axe":396,"minecraft:light_blue_bed":1,"argentinas_delight:pavallena":5,"minecraft:furnace":1,"minecraft:cooked_beef":4,"minecraft:birch_planks":4,"minecraft:stone_pickaxe":89,"minecraft:baked_potato":3,"minecraft:stonecutter":1,"minecraft:wooden_pickaxe":59,"argentinas_delight:pava":2,"minecraft:spruce_fence_gate":3,"minecraft:blue_bed":1,"minecraft:crafting_table":4,"minecraft:red_bed":1,"minecraft:white_bed":12,"argentinas_delight:pavacalientetool":17,"easy_villagers:villager":1,"minecraft:diamond_shovel":72,"minecraft:bread":24,"minecraft:iron_pickaxe":194,"minecraft:spruce_trapdoor":1,"minecraft:gravel":4,"minecraft:stone_axe":130,"minecraft:cobblestone":90,"argentinas_delight:matevacio":1,"minecraft:grindstone":1,"minecraft:bucket":1,"alexsmobs:animal_dictionary":1},"minecraft:custom":{"minecraft:mob_kills":8,"minecraft:interact_with_crafting_table":27,"minecraft:open_barrel":9,"minecraft:leave_game":6,"minecraft:time_since_death":50257,"minecraft:climb_one_cm":3443,"minecraft:sprint_one_cm":353589,"minecraft:walk_one_cm":351081,"minecraft:damage_blocked_by_shield":640,"minecraft:drop":49,"minecraft:play_time":120589,"minecraft:deaths":3,"minecraft:sneak_time":2545,"minecraft:walk_under_water_one_cm":19886,"minecraft:jump":2139,"minecraft:walk_on_water_one_cm":25767,"minecraft:total_world_time":120589,"minecraft:interact_with_furnace":4,"minecraft:interact_with_stonecutter":2,"minecraft:interact_with_grindstone":1,"minecraft:sleep_in_bed":5,"minecraft:time_since_rest":7423,"minecraft:waystone_activated":2,"minecraft:damage_taken":2151,"minecraft:damage_dealt":2360,"minecraft:swim_one_cm":25186,"minecraft:fly_one_cm":408933,"minecraft:player_kills":2,"minecraft:open_chest":132,"minecraft:crouch_one_cm":7892,"tombstone:undead_killed":4,"minecraft:fall_one_cm":58104},"minecraft:killed":{"minecraft:spider":1,"minecraft:skeleton":2,"minecraft:pillager":1,"minecraft:zombie":2,"minecraft:player":2,"minecraft:cow":2},"minecraft:mined":{"minecraft:light_blue_stained_glass_pane":5,"minecraft:deepslate_tiles":20,"argentinas_delight:pavallena":2,"create:deepslate_zinc_ore":6,"minecraft:spruce_planks":205,"minecraft:white_bed":3,"minecraft:mossy_cobblestone":4,"minecraft:deepslate_diamond_ore":2,"argentinas_delight:pimpolloyerba":3,"argentinas_delight:hojasdemate":95,"minecraft:spruce_trapdoor":13,"minecraft:allium":6,"minecraft:cave_vines_plant":1,"minecraft:dark_oak_fence":2,"minecraft:spruce_fence":39,"minecraft:grass_block":56,"minecraft:decorated_pot":1,"argentinas_delight:mateyerbaseca":1,"minecraft:deepslate_bricks":35,"minecraft:cartography_table":1,"minecraft:spawner":7,"minecraft:large_fern":1,"minecraft:deepslate_brick_slab":12,"minecraft:furnace":1,"minecraft:fire":2,"argentinas_delight:mateamargo":7,"minecraft:stripped_spruce_log":87,"argentinas_delight:ramasdematedeyerba":3,"minecraft:bookshelf":3,"minecraft:water_cauldron":1,"argentinas_delight:basedearbolmate":2,"minecraft:oak_stairs":1,"minecraft:iron_bars":10,"minecraft:lantern":3,"minecraft:deepslate_brick_stairs":30,"minecraft:stone":118,"minecraft:white_wool":28,"minecraft:spruce_slab":5,"minecraft:podzol":1,"minecraft:smithing_table":1,"minecraft:red_bed":1,"minecraft:deepslate_brick_wall":22,"minecraft:dandelion":1,"minecraft:spruce_door":10,"minecraft:cornflower":1,"minecraft:oak_fence":1,"minecraft:crafting_table":1,"argentinas_delight:pavacaliente":1,"minecraft:poppy":3,"minecraft:chest":2,"minecraft:white_stained_glass_pane":4,"minecraft:cobblestone":11,"minecraft:tall_grass":2,"minecraft:grindstone":1,"minecraft:sugar_cane":5,"minecraft:damaged_anvil":1,"minecraft:cracked_deepslate_bricks":24,"minecraft:blue_bed":1,"minecraft:spruce_stairs":72,"minecraft:white_terracotta":2,"minecraft:light_blue_terracotta":1,"minecraft:light_blue_bed":2,"minecraft:cobblestone_wall":1,"minecraft:birch_log":11,"minecraft:spruce_log":59,"minecraft:birch_leaves":1,"minecraft:cracked_deepslate_tiles":9,"minecraft:grass":12,"minecraft:gravel":48,"minecraft:loom":1,"minecraft:dirt":7,"minecraft:stone_bricks":2,"minecraft:chipped_anvil":1,"minecraft:fern":2},"minecraft:killed_by":{"minecraft:skeleton":1,"minecraft:zombie":1,"alexsmobs:grizzly_bear":1}},"DataVersion":3465}