{"stats":{"minecraft:picked_up":{"minecraft:iron_chestplate":2,"minecraft:wheat":110,"minecraft:chainmail_boots":1,"minecraft:flower_pot":1,"minecraft:smithing_table":2,"minecraft:diamond_sword":2,"minecraft:potion":3,"minecraft:enchanted_book":6,"minecraft:stone_brick_stairs":3,"minecraft:brewing_stand":4,"minecraft:polished_blackstone_brick_stairs":1,"minecraft:string":20,"argentinas_delight:parrilla":1,"alexsmobs:ancient_dart":1,"minecraft:red_nether_bricks":1,"minecraft:armor_stand":3,"minecraft:sea_pickle":1,"minecraft:deepslate_tiles":43,"alexsmobs:blood_sac":2,"minecraft:gold_nugget":20,"minecraft:cobbled_deepslate":22,"minecraft:spruce_planks":223,"minecraft:iron_pickaxe":2,"minecraft:coal_block":7,"argentinas_delight:mateamargoitem":8,"minecraft:furnace":1,"minecraft:polished_blackstone_brick_slab":3,"minecraft:stick":131,"minecraft:deepslate_brick_wall":25,"minecraft:oak_fence":1,"minecraft:torch":11,"minecraft:spruce_stairs":76,"minecraft:golden_axe":1,"tombstone:grave_dust":4,"argentinas_delight:pavallena":5,"minecraft:cauldron":3,"tombstone:lollipop":1,"easy_villagers:villager":2,"minecraft:rotten_flesh":3,"minecraft:white_terracotta":2,"minecraft:blaze_rod":1,"minecraft:deepslate_brick_stairs":25,"minecraft:obsidian":28,"minecraft:iron_bars":137,"minecraft:blaze_powder":1,"minecraft:cobblestone":220,"minecraft:birch_log":11,"minecraft:enchanting_table":1,"relics:roller_skates":3,"minecraft:magma_block":53,"minecraft:leather_chestplate":1,"minecraft:andesite":1,"minecraft:potato":13,"minecraft:flint":26,"minecraft:tuff":5,"create:raw_zinc":34,"minecraft:lapis_lazuli":10,"minecraft:dirt":872,"minecraft:lantern":19,"minecraft:leather_boots":1,"minecraft:bone":7,"minecraft:chipped_anvil":1,"minecraft:bow":1,"minecraft:wheat_seeds":321,"minecraft:deepslate_brick_slab":12,"minecraft:raw_gold":8,"minecraft:grindstone":1,"minecraft:mossy_stone_bricks":1,"minecraft:moss_block":5,"minecraft:black_terracotta":5,"minecraft:sand":193,"minecraft:stripped_spruce_log":120,"argentinas_delight:yerbamate":26,"alexsmobs:animal_dictionary":1,"minecraft:mossy_cobblestone":12,"minecraft:spruce_fence_gate":2,"minecraft:light_blue_terracotta":1,"minecraft:diamond":9,"minecraft:cracked_polished_blackstone_bricks":1,"minecraft:crossbow":4,"minecraft:golden_apple":2,"minecraft:spruce_sign":1,"minecraft:emerald":9,"minecraft:bread":3,"argentinas_delight:pava":2,"minecraft:oak_sapling":15,"minecraft:netherrack":326,"minecraft:bricks":12,"minecraft:dark_oak_fence":1,"minecraft:crimson_roots":17,"minecraft:crafting_table":1,"minecraft:allium":14,"minecraft:nether_wart":4,"minecraft:brown_mushroom":1,"minecraft:stone_brick_wall":2,"minecraft:shield":3,"minecraft:cornflower":1,"minecraft:red_bed":9,"minecraft:compass":1,"minecraft:white_carpet":3,"minecraft:iron_shovel":1,"minecraft:blackstone":9,"minecraft:cracked_stone_bricks":1,"minecraft:cartography_table":1,"minecraft:beef":6,"minecraft:poppy":12,"minecraft:spruce_slab":16,"minecraft:sugar_cane":26,"minecraft:chest":4,"minecraft:birch_sapling":4,"minecraft:spruce_trapdoor":25,"minecraft:raw_copper_block":11,"minecraft:raw_iron":25,"minecraft:copper_ingot":19,"argentinas_delight:pavacalientetool":1,"minecraft:spruce_fence":90,"minecraft:polished_blackstone_bricks":8,"minecraft:redstone":18,"minecraft:light_blue_bed":2,"minecraft:purple_terracotta":9,"minecraft:arrow":5,"minecraft:deepslate_bricks":78,"minecraft:diamond_boots":1,"handcrafted:fancy_painting":2,"minecraft:hay_block":56,"alexscaves:spelunkery_table":1,"minecraft:cracked_deepslate_bricks":48,"minecraft:saddle":2,"tombstone:essence_of_undeath":2,"minecraft:polished_blackstone":1,"minecraft:white_wool":56,"minecraft:cracked_deepslate_tiles":24,"relics:ice_skates":2,"minecraft:leather":8,"minecraft:birch_planks":3,"minecraft:crimson_fungus":2,"minecraft:oak_log":56,"minecraft:chainmail_chestplate":1,"minecraft:gunpowder":4,"minecraft:cobblestone_wall":1,"alexsmobs:mosquito_proboscis":1,"minecraft:blue_bed":1,"minecraft:white_banner":9,"minecraft:red_carpet":3,"minecraft:apple":4,"minecraft:stone_bricks":74,"minecraft:iron_ingot":9,"tombstone:bag_of_seeds":1,"minecraft:soul_sand":6,"minecraft:iron_sword":3,"minecraft:book":69,"minecraft:scaffolding":1,"gemsnjewels:enchanted_gold_ring":1,"minecraft:pitcher_plant":1,"minecraft:pumpkin":6,"minecraft:sweet_berries":10,"minecraft:dandelion":13,"minecraft:spyglass":1,"minecraft:gravel":45,"minecraft:spruce_sapling":183,"minecraft:white_bed":7,"minecraft:spruce_log":1683,"argentinas_delight:mateyerbaseca":1,"minecraft:spruce_door":22,"minecraft:spider_eye":2,"gemsnjewels:sable_amethyst":2,"minecraft:pumpkin_seeds":14,"minecraft:diamond_axe":1,"tombstone:magic_scroll":1,"minecraft:polished_blackstone_brick_wall":2,"minecraft:baked_potato":2,"argentinas_delight:cuernodetoro":1,"minecraft:damaged_anvil":2,"minecraft:melon_seeds":2,"minecraft:coal":69},"minecraft:killed":{"guardvillagers:guard":5,"minecraft:zombified_piglin":5,"minecraft:spider":3,"minecraft:skeleton":8,"minecraft:illusioner":2,"minecraft:piglin_brute":3,"alexsmobs:crimson_mosquito":2,"minecraft:pillager":7,"minecraft:zombie":18,"minecraft:blaze":2,"minecraft:cow":2,"minecraft:player":2},"minecraft:killed_by":{"minecraft:piglin_brute":4,"minecraft:zombie":2,"alexsmobs:grizzly_bear":1,"minecraft:player":2,"minecraft:skeleton":1,"cataclysm:netherite_monstrosity":8,"guardvillagers:guard":1},"minecraft:crafted":{"minecraft:oak_planks":224,"gemsnjewels:diamond_set_gold_ring":4,"minecraft:blaze_powder":2,"minecraft:stone":5,"minecraft:glass":27,"minecraft:bow":1,"minecraft:diamond_helmet":1,"minecraft:diamond_leggings":1,"minecraft:raw_copper":99,"minecraft:chest":1,"minecraft:oak_button":52,"minecraft:glass_bottle":3,"sophisticatedbackpacks:backpack":1,"minecraft:arrow":80,"minecraft:emerald":411,"minecraft:diamond_axe":1,"minecraft:crafting_table":6,"minecraft:spruce_planks":6680,"minecraft:wooden_pickaxe":1,"minecraft:iron_helmet":10,"minecraft:spruce_door":3,"minecraft:copper_ingot":22,"minecraft:birch_planks":20,"minecraft:painting":4,"minecraft:spruce_trapdoor":4,"minecraft:diamond_pickaxe":1,"minecraft:shield":16,"sophisticatedbackpacks:diamond_backpack":1,"minecraft:stick":12796,"minecraft:iron_ingot":24,"minecraft:iron_pickaxe":1,"minecraft:stone_sword":1,"minecraft:gold_ingot":8,"minecraft:composter":4,"minecraft:spruce_fence_gate":3,"minecraft:redstone":20,"minecraft:spruce_button":106,"minecraft:furnace":2,"minecraft:spruce_fence":30,"handcrafted:vindicator_trophy":1,"minecraft:glass_pane":16,"minecraft:flint_and_steel":1,"argentinas_delight:matevacio":1,"minecraft:iron_axe":2,"minecraft:spruce_slab":72,"minecraft:stone_pickaxe":2,"minecraft:diamond_boots":1,"minecraft:spruce_boat":1,"argentinas_delight:parrilla":1,"minecraft:wheat":189,"sophisticatedbackpacks:iron_backpack":1,"minecraft:diamond_sword":1,"minecraft:spruce_sign":21,"minecraft:iron_sword":1,"sophisticatedbackpacks:gold_backpack":1,"minecraft:bucket":1,"minecraft:stone_axe":1,"minecraft:glowstone":18,"minecraft:enchanted_book":8,"minecraft:bread":95,"minecraft:air":0,"minecraft:gold_nugget":36,"minecraft:chainmail_boots":13,"argentinas_delight:pava":1,"handcrafted:fancy_painting":4,"easy_villagers:converter":1,"minecraft:lapis_lazuli":12,"minecraft:diamond_chestplate":1},"minecraft:used":{"minecraft:spruce_slab":30,"minecraft:shield":91,"minecraft:iron_sword":80,"minecraft:cracked_deepslate_tiles":13,"easy_villagers:converter":1,"minecraft:obsidian":10,"minecraft:spruce_boat":1,"minecraft:lantern":1,"minecraft:light_blue_bed":1,"minecraft:stone_bricks":135,"argentinas_delight:pavallena":5,"minecraft:bow":11,"minecraft:oak_sapling":1,"minecraft:furnace":2,"minecraft:deepslate_brick_wall":3,"minecraft:damaged_anvil":1,"minecraft:spruce_door":4,"minecraft:oak_planks":13,"minecraft:stone_pickaxe":89,"minecraft:blackstone":1,"minecraft:wooden_pickaxe":59,"minecraft:composter":4,"minecraft:blue_bed":1,"minecraft:diamond_axe":1750,"minecraft:deepslate_brick_stairs":7,"minecraft:deepslate_tiles":56,"easy_villagers:villager":41,"minecraft:bread":137,"tombstone:grave_key":11,"minecraft:gravel":4,"minecraft:diamond_sword":235,"argentinas_delight:matevacio":1,"minecraft:grindstone":1,"minecraft:smithing_table":1,"handcrafted:fancy_painting":6,"minecraft:iron_bars":5,"minecraft:stone_sword":33,"minecraft:flint_and_steel":3,"minecraft:spruce_planks":205,"argentinas_delight:mateyerbaseca":7,"argentinas_delight:yerbamate":8,"minecraft:netherrack":98,"minecraft:torch":30,"minecraft:brewing_stand":2,"minecraft:dirt":550,"minecraft:spyglass":6,"minecraft:spruce_fence":20,"minecraft:chipped_anvil":1,"argentinas_delight:mateamargoitem":7,"minecraft:iron_axe":410,"handcrafted:vindicator_trophy":1,"minecraft:cooked_beef":4,"minecraft:water_bucket":25,"minecraft:birch_planks":4,"minecraft:glass_bottle":3,"minecraft:baked_potato":3,"gemsnjewels:diamond_set_gold_ring":4,"minecraft:spruce_sign":13,"minecraft:spruce_fence_gate":5,"argentinas_delight:pava":2,"minecraft:stonecutter":1,"minecraft:deepslate_bricks":58,"minecraft:crafting_table":7,"minecraft:red_bed":9,"minecraft:white_bed":17,"argentinas_delight:pavacalientetool":17,"minecraft:diamond_pickaxe":939,"minecraft:cornflower":1,"minecraft:diamond_shovel":994,"minecraft:iron_pickaxe":284,"minecraft:spruce_trapdoor":2,"minecraft:spruce_sapling":182,"minecraft:stone_axe":130,"minecraft:cobblestone":160,"minecraft:bucket":28,"alexsmobs:animal_dictionary":1},"minecraft:broken":{"minecraft:stone_axe":1,"minecraft:wooden_pickaxe":1,"minecraft:iron_axe":1},"minecraft:mined":{"create:deepslate_zinc_ore":13,"minecraft:spruce_planks":220,"minecraft:white_bed":3,"minecraft:black_terracotta":5,"argentinas_delight:hoguerasinlena":1,"minecraft:brewing_stand":4,"minecraft:spruce_trapdoor":14,"minecraft:obsidian":28,"minecraft:cave_vines_plant":1,"argentinas_delight:hojasdemate":95,"minecraft:grass_block":422,"minecraft:stone_brick_wall":2,"minecraft:cracked_polished_blackstone_bricks":1,"minecraft:deepslate_bricks":35,"minecraft:polished_blackstone_brick_slab":3,"minecraft:nether_wart":3,"minecraft:spawner":23,"minecraft:polished_blackstone_bricks":10,"minecraft:weeping_vines_plant":2,"minecraft:magma_block":54,"minecraft:cobbled_deepslate":4,"minecraft:fire":3,"argentinas_delight:mateamargo":7,"minecraft:pumpkin":6,"argentinas_delight:ramasdematedeyerba":3,"minecraft:enchanting_table":1,"minecraft:dirt_path":1,"minecraft:water_cauldron":3,"argentinas_delight:basedearbolmate":2,"minecraft:oak_stairs":1,"minecraft:iron_bars":125,"minecraft:deepslate_brick_stairs":31,"minecraft:spruce_slab":7,"minecraft:deepslate_redstone_ore":4,"minecraft:potted_brown_mushroom":1,"minecraft:red_bed":9,"minecraft:blackstone":7,"minecraft:melon_stem":1,"minecraft:deepslate_brick_wall":22,"minecraft:crimson_nylium":131,"minecraft:torch":1,"minecraft:poppy":4,"minecraft:chest":2,"minecraft:white_stained_glass_pane":4,"minecraft:cobblestone":13,"minecraft:grindstone":1,"minecraft:sugar_cane":8,"minecraft:damaged_anvil":1,"minecraft:bricks":12,"minecraft:white_terracotta":2,"minecraft:light_blue_terracotta":1,"minecraft:birch_log":11,"minecraft:wheat":108,"minecraft:grass":29,"minecraft:cracked_deepslate_tiles":9,"minecraft:oak_log":56,"minecraft:loom":1,"minecraft:sand":129,"minecraft:dirt":456,"minecraft:netherrack":199,"minecraft:deepslate":18,"minecraft:light_blue_stained_glass_pane":5,"minecraft:nether_gold_ore":4,"minecraft:deepslate_tiles":20,"argentinas_delight:pavallena":2,"minecraft:tuff":5,"minecraft:mossy_cobblestone":4,"minecraft:deepslate_diamond_ore":9,"argentinas_delight:pimpolloyerba":3,"minecraft:dark_oak_fence":2,"minecraft:purple_terracotta":9,"minecraft:allium":10,"minecraft:spruce_fence":42,"minecraft:decorated_pot":1,"minecraft:crimson_roots":1,"minecraft:weeping_vines":1,"argentinas_delight:mateyerbaseca":1,"minecraft:cartography_table":1,"minecraft:large_fern":1,"minecraft:hay_block":56,"minecraft:deepslate_brick_slab":12,"minecraft:spruce_sapling":8,"minecraft:furnace":1,"minecraft:andesite":1,"minecraft:stripped_spruce_log":87,"minecraft:bookshelf":15,"minecraft:vine":1,"minecraft:lantern":3,"minecraft:stone":319,"minecraft:white_wool":28,"minecraft:smithing_table":1,"minecraft:podzol":2,"minecraft:scaffolding":1,"minecraft:soul_sand":6,"minecraft:dandelion":1,"minecraft:polished_blackstone_brick_wall":2,"minecraft:spruce_door":10,"minecraft:oak_fence":1,"minecraft:crafting_table":1,"minecraft:cornflower":1,"argentinas_delight:pavacaliente":1,"minecraft:tall_grass":2,"minecraft:deepslate_gold_ore":7,"minecraft:lapis_ore":2,"minecraft:polished_blackstone_brick_stairs":1,"minecraft:cracked_deepslate_bricks":24,"minecraft:blue_bed":1,"minecraft:spruce_stairs":72,"minecraft:light_blue_bed":2,"minecraft:cobblestone_wall":1,"minecraft:spruce_log":1662,"minecraft:birch_leaves":1,"minecraft:pitcher_crop":1,"minecraft:gravel":63,"minecraft:cobweb":5,"minecraft:cracked_stone_bricks":1,"minecraft:polished_blackstone":1,"minecraft:stone_bricks":140,"minecraft:chipped_anvil":1,"minecraft:mossy_stone_bricks":1,"minecraft:gold_ore":1,"minecraft:fern":5},"minecraft:dropped":{"minecraft:spruce_sign":1,"minecraft:diamond_axe":1,"minecraft:crossbow":1,"minecraft:red_carpet":3,"minecraft:emerald":1,"minecraft:cracked_polished_blackstone_bricks":1,"minecraft:dirt":252,"minecraft:dark_oak_fence":1,"minecraft:gold_nugget":1,"minecraft:iron_pickaxe":1,"minecraft:birch_log":6,"tombstone:lollipop":1,"minecraft:blackstone":2,"minecraft:spyglass":1,"minecraft:golden_chestplate":1,"alexsmobs:animal_dictionary":1,"alexscaves:cave_tablet":4,"minecraft:birch_sapling":4,"minecraft:rotten_flesh":1,"minecraft:white_bed":1,"minecraft:chainmail_chestplate":1,"minecraft:poppy":1,"minecraft:deepslate_tiles":1,"minecraft:leather_boots":1,"minecraft:chest":2,"minecraft:scaffolding":1,"minecraft:stone_brick_stairs":1,"minecraft:bread":8,"minecraft:wheat_seeds":1,"argentinas_delight:mateamargoitem":1,"minecraft:deepslate_brick_wall":5,"minecraft:oak_fence":1,"minecraft:book":3,"minecraft:stick":2,"minecraft:dandelion":2,"minecraft:stone_sword":1,"alexsmobs:ancient_dart":1,"minecraft:spruce_fence":2,"minecraft:pumpkin_seeds":7,"minecraft:diamond_sword":2,"minecraft:spruce_trapdoor":3,"minecraft:iron_chestplate":2,"easy_villagers:villager":1,"minecraft:diamond_boots":1,"minecraft:stone_pickaxe":2},"minecraft:custom":{"minecraft:interact_with_crafting_table":66,"minecraft:open_barrel":21,"minecraft:bell_ring":3,"minecraft:eat_cake_slice":1,"minecraft:leave_game":16,"minecraft:time_since_death":31530,"minecraft:sprint_one_cm":1246231,"minecraft:damage_blocked_by_shield":5014,"minecraft:drop":77,"minecraft:talked_to_villager":126,"minecraft:play_time":430601,"minecraft:deaths":20,"minecraft:jump":6903,"minecraft:interact_with_brewingstand":6,"minecraft:walk_on_water_one_cm":80495,"minecraft:interact_with_furnace":15,"minecraft:traded_with_villager":506,"minecraft:interact_with_cartography_table":1,"minecraft:interact_with_loom":3,"minecraft:sleep_in_bed":11,"minecraft:waystone_activated":5,"minecraft:damage_dealt":19138,"minecraft:player_kills":2,"minecraft:crouch_one_cm":39688,"tombstone:undead_killed":31,"minecraft:interact_with_smithing_table":3,"minecraft:interact_with_anvil":13,"minecraft:mob_kills":59,"minecraft:climb_one_cm":11721,"minecraft:walk_one_cm":992621,"minecraft:sneak_time":9464,"minecraft:walk_under_water_one_cm":33047,"minecraft:boat_one_cm":40050,"minecraft:interact_with_lectern":3,"minecraft:interact_with_blast_furnace":1,"minecraft:total_world_time":430601,"minecraft:interact_with_grindstone":1,"minecraft:interact_with_stonecutter":2,"minecraft:time_since_rest":31293,"minecraft:damage_taken":10598,"minecraft:swim_one_cm":67167,"minecraft:fly_one_cm":1388049,"minecraft:open_chest":563,"minecraft:fall_one_cm":190159}},"DataVersion":3465}