{"stats":{"minecraft:crafted":{"minecraft:spruce_button":2,"minecraft:furnace":1,"minecraft:spruce_fence":30,"minecraft:flint_and_steel":1,"minecraft:raw_copper":99,"argentinas_delight:matevacio":1,"minecraft:iron_axe":2,"minecraft:spruce_slab":72,"minecraft:stone_pickaxe":2,"argentinas_delight:parrilla":1,"minecraft:spruce_sign":21,"minecraft:crafting_table":4,"minecraft:spruce_planks":260,"minecraft:wooden_pickaxe":1,"minecraft:iron_sword":1,"minecraft:spruce_door":3,"minecraft:copper_ingot":22,"minecraft:bucket":1,"minecraft:birch_planks":20,"minecraft:stone_axe":1,"minecraft:air":0,"minecraft:spruce_trapdoor":4,"minecraft:shield":1,"minecraft:stick":64,"minecraft:iron_pickaxe":1,"minecraft:stone_sword":1,"argentinas_delight:pava":1,"minecraft:composter":4,"minecraft:spruce_fence_gate":3},"minecraft:picked_up":{"minecraft:crafting_table":1,"minecraft:allium":8,"minecraft:chainmail_boots":1,"minecraft:smithing_table":2,"minecraft:enchanted_book":2,"minecraft:shield":3,"minecraft:cornflower":1,"minecraft:string":13,"argentinas_delight:parrilla":1,"minecraft:red_bed":1,"alexsmobs:ancient_dart":1,"minecraft:red_nether_bricks":1,"minecraft:compass":1,"minecraft:armor_stand":3,"minecraft:white_carpet":3,"minecraft:iron_shovel":1,"minecraft:deepslate_tiles":43,"minecraft:cartography_table":1,"minecraft:spruce_planks":221,"minecraft:beef":6,"minecraft:poppy":9,"minecraft:iron_pickaxe":1,"minecraft:spruce_slab":15,"argentinas_delight:mateamargoitem":8,"minecraft:coal_block":7,"minecraft:sugar_cane":21,"minecraft:chest":4,"minecraft:birch_sapling":4,"minecraft:spruce_trapdoor":25,"minecraft:furnace":1,"minecraft:raw_copper_block":11,"minecraft:stick":22,"minecraft:raw_iron":25,"minecraft:deepslate_brick_wall":23,"argentinas_delight:pavacalientetool":1,"minecraft:copper_ingot":19,"minecraft:oak_fence":1,"minecraft:torch":9,"minecraft:spruce_stairs":76,"minecraft:spruce_fence":86,"minecraft:light_blue_bed":2,"argentinas_delight:pavallena":5,"minecraft:cauldron":1,"easy_villagers:villager":2,"minecraft:deepslate_bricks":78,"alexscaves:spelunkery_table":1,"minecraft:cracked_deepslate_bricks":48,"minecraft:saddle":2,"tombstone:essence_of_undeath":2,"minecraft:white_terracotta":2,"minecraft:deepslate_brick_stairs":24,"minecraft:iron_bars":23,"minecraft:white_wool":56,"minecraft:cobblestone":213,"minecraft:cracked_deepslate_tiles":24,"minecraft:birch_log":11,"relics:ice_skates":2,"relics:roller_skates":3,"minecraft:leather":3,"minecraft:potato":13,"minecraft:birch_planks":3,"minecraft:flint":25,"create:raw_zinc":27,"minecraft:chainmail_chestplate":1,"minecraft:cobblestone_wall":1,"minecraft:gunpowder":4,"minecraft:blue_bed":1,"minecraft:dirt":86,"minecraft:lantern":18,"minecraft:white_banner":9,"minecraft:leather_boots":1,"minecraft:bone":3,"minecraft:chipped_anvil":1,"minecraft:apple":3,"minecraft:wheat_seeds":1,"minecraft:deepslate_brick_slab":12,"minecraft:grindstone":1,"minecraft:iron_ingot":9,"minecraft:moss_block":5,"minecraft:iron_sword":3,"minecraft:book":33,"gemsnjewels:enchanted_gold_ring":1,"minecraft:sweet_berries":10,"minecraft:dandelion":4,"minecraft:spyglass":1,"minecraft:gravel":32,"minecraft:stripped_spruce_log":120,"minecraft:white_bed":7,"minecraft:spruce_log":78,"argentinas_delight:yerbamate":26,"argentinas_delight:mateyerbaseca":1,"alexsmobs:animal_dictionary":1,"minecraft:spruce_door":20,"minecraft:mossy_cobblestone":12,"gemsnjewels:sable_amethyst":2,"minecraft:spruce_fence_gate":2,"minecraft:pumpkin_seeds":14,"minecraft:light_blue_terracotta":1,"minecraft:diamond":2,"minecraft:crossbow":4,"minecraft:golden_apple":1,"minecraft:spruce_sign":1,"minecraft:emerald":3,"minecraft:bread":3,"minecraft:baked_potato":2,"argentinas_delight:pava":2,"argentinas_delight:cuernodetoro":1,"minecraft:damaged_anvil":2,"minecraft:dark_oak_fence":1,"minecraft:coal":64},"minecraft:broken":{"minecraft:wooden_pickaxe":1,"minecraft:iron_axe":1,"minecraft:stone_axe":1},"minecraft:dropped":{"minecraft:spruce_sign":1,"minecraft:bread":8,"argentinas_delight:mateamargoitem":1,"minecraft:deepslate_brick_wall":5,"minecraft:crossbow":1,"minecraft:oak_fence":1,"minecraft:book":3,"minecraft:stick":2,"minecraft:dirt":18,"minecraft:dark_oak_fence":1,"minecraft:birch_log":6,"minecraft:dandelion":2,"minecraft:spyglass":1,"minecraft:golden_chestplate":1,"minecraft:stone_sword":1,"alexsmobs:animal_dictionary":1,"alexscaves:cave_tablet":4,"minecraft:birch_sapling":4,"alexsmobs:ancient_dart":1,"minecraft:white_bed":1,"minecraft:spruce_fence":2,"minecraft:pumpkin_seeds":7,"minecraft:chainmail_chestplate":1,"minecraft:spruce_trapdoor":3,"minecraft:leather_boots":1,"minecraft:chest":2,"easy_villagers:villager":1,"minecraft:stone_pickaxe":2},"minecraft:used":{"minecraft:stone_sword":33,"minecraft:flint_and_steel":1,"minecraft:spruce_slab":30,"minecraft:spruce_planks":194,"minecraft:shield":15,"argentinas_delight:mateyerbaseca":7,"minecraft:iron_sword":80,"minecraft:torch":8,"argentinas_delight:yerbamate":8,"minecraft:dirt":10,"minecraft:spyglass":6,"minecraft:spruce_fence":20,"minecraft:chipped_anvil":1,"argentinas_delight:mateamargoitem":7,"minecraft:lantern":1,"minecraft:iron_axe":410,"minecraft:light_blue_bed":1,"argentinas_delight:pavallena":5,"minecraft:furnace":1,"minecraft:cooked_beef":4,"minecraft:damaged_anvil":1,"minecraft:spruce_door":2,"minecraft:baked_potato":3,"minecraft:birch_planks":4,"minecraft:stone_pickaxe":89,"minecraft:blue_bed":1,"minecraft:wooden_pickaxe":59,"minecraft:spruce_sign":13,"minecraft:composter":4,"minecraft:spruce_fence_gate":3,"minecraft:stonecutter":1,"argentinas_delight:pava":2,"minecraft:crafting_table":5,"minecraft:red_bed":1,"minecraft:white_bed":17,"argentinas_delight:pavacalientetool":17,"easy_villagers:villager":23,"minecraft:cornflower":1,"minecraft:diamond_shovel":88,"minecraft:bread":33,"minecraft:iron_pickaxe":264,"minecraft:spruce_trapdoor":2,"minecraft:gravel":4,"minecraft:stone_axe":130,"minecraft:cobblestone":90,"argentinas_delight:matevacio":1,"minecraft:grindstone":1,"minecraft:bucket":1,"alexsmobs:animal_dictionary":1},"minecraft:custom":{"minecraft:mob_kills":13,"minecraft:interact_with_crafting_table":34,"minecraft:open_barrel":9,"minecraft:leave_game":7,"minecraft:time_since_death":31318,"minecraft:climb_one_cm":3443,"minecraft:sprint_one_cm":423405,"minecraft:walk_one_cm":412515,"minecraft:damage_blocked_by_shield":740,"minecraft:drop":52,"minecraft:talked_to_villager":1,"minecraft:play_time":155061,"minecraft:deaths":4,"minecraft:sneak_time":2824,"minecraft:walk_under_water_one_cm":20787,"minecraft:jump":2431,"minecraft:walk_on_water_one_cm":27753,"minecraft:total_world_time":155061,"minecraft:interact_with_furnace":4,"minecraft:interact_with_loom":1,"minecraft:interact_with_stonecutter":2,"minecraft:interact_with_grindstone":1,"minecraft:sleep_in_bed":7,"minecraft:time_since_rest":15679,"minecraft:waystone_activated":2,"minecraft:damage_taken":2732,"minecraft:damage_dealt":3449,"minecraft:player_kills":2,"minecraft:swim_one_cm":25444,"minecraft:fly_one_cm":467289,"minecraft:open_chest":316,"minecraft:crouch_one_cm":8303,"tombstone:undead_killed":4,"minecraft:fall_one_cm":63901},"minecraft:killed":{"guardvillagers:guard":5,"minecraft:spider":1,"minecraft:skeleton":2,"minecraft:pillager":1,"minecraft:zombie":2,"minecraft:player":2,"minecraft:cow":2},"minecraft:mined":{"minecraft:light_blue_stained_glass_pane":5,"minecraft:deepslate_tiles":20,"create:deepslate_zinc_ore":6,"argentinas_delight:pavallena":2,"minecraft:spruce_planks":218,"minecraft:white_bed":3,"minecraft:mossy_cobblestone":4,"minecraft:deepslate_diamond_ore":2,"argentinas_delight:hoguerasinlena":1,"argentinas_delight:pimpolloyerba":3,"minecraft:cave_vines_plant":1,"minecraft:spruce_trapdoor":14,"argentinas_delight:hojasdemate":95,"minecraft:dark_oak_fence":2,"minecraft:allium":6,"minecraft:spruce_fence":39,"minecraft:grass_block":59,"minecraft:decorated_pot":1,"argentinas_delight:mateyerbaseca":1,"minecraft:deepslate_bricks":35,"minecraft:cartography_table":1,"minecraft:spawner":7,"minecraft:large_fern":1,"minecraft:deepslate_brick_slab":12,"minecraft:furnace":1,"minecraft:fire":2,"argentinas_delight:mateamargo":7,"minecraft:stripped_spruce_log":87,"argentinas_delight:ramasdematedeyerba":3,"minecraft:bookshelf":3,"minecraft:water_cauldron":1,"minecraft:iron_bars":10,"argentinas_delight:basedearbolmate":2,"minecraft:oak_stairs":1,"minecraft:lantern":3,"minecraft:deepslate_brick_stairs":30,"minecraft:stone":186,"minecraft:white_wool":28,"minecraft:spruce_slab":5,"minecraft:smithing_table":1,"minecraft:podzol":1,"minecraft:red_bed":1,"minecraft:deepslate_brick_wall":22,"minecraft:dandelion":1,"minecraft:spruce_door":10,"minecraft:oak_fence":1,"minecraft:cornflower":1,"minecraft:crafting_table":1,"argentinas_delight:pavacaliente":1,"minecraft:poppy":3,"minecraft:chest":2,"minecraft:white_stained_glass_pane":4,"minecraft:tall_grass":2,"minecraft:cobblestone":11,"minecraft:grindstone":1,"minecraft:damaged_anvil":1,"minecraft:sugar_cane":5,"minecraft:cracked_deepslate_bricks":24,"minecraft:blue_bed":1,"minecraft:spruce_stairs":72,"minecraft:white_terracotta":2,"minecraft:light_blue_terracotta":1,"minecraft:light_blue_bed":2,"minecraft:cobblestone_wall":1,"minecraft:birch_log":11,"minecraft:spruce_log":59,"minecraft:birch_leaves":1,"minecraft:grass":12,"minecraft:cracked_deepslate_tiles":9,"minecraft:gravel":48,"minecraft:loom":1,"minecraft:dirt":23,"minecraft:stone_bricks":2,"minecraft:chipped_anvil":1,"minecraft:fern":2},"minecraft:killed_by":{"minecraft:skeleton":1,"minecraft:zombie":1,"alexsmobs:grizzly_bear":1,"guardvillagers:guard":1}},"DataVersion":3465}