{"stats":{"minecraft:crafted":{"minecraft:oak_planks":224,"gemsnjewels:diamond_set_gold_ring":4,"minecraft:blaze_powder":14,"minecraft:stone":5,"minecraft:glass":58,"minecraft:hopper":4,"minecraft:bow":1,"minecraft:diamond_helmet":1,"minecraft:diamond_leggings":1,"minecraft:raw_copper":99,"minecraft:chest":6,"minecraft:oak_button":52,"minecraft:glass_bottle":3,"sophisticatedbackpacks:backpack":1,"minecraft:arrow":80,"minecraft:emerald":816,"minecraft:diamond_axe":1,"minecraft:crafting_table":6,"minecraft:spruce_planks":13136,"minecraft:wooden_pickaxe":1,"minecraft:iron_helmet":10,"minecraft:spruce_door":3,"minecraft:copper_ingot":22,"minecraft:birch_planks":20,"minecraft:painting":4,"minecraft:spruce_trapdoor":4,"minecraft:diamond_pickaxe":1,"minecraft:shield":16,"sophisticatedbackpacks:diamond_backpack":1,"minecraft:stick":25144,"advancednetherite:netherite_diamond_ingot":2,"minecraft:iron_ingot":45,"minecraft:iron_pickaxe":1,"minecraft:stone_sword":1,"minecraft:gold_ingot":44,"minecraft:netherite_ingot":5,"minecraft:composter":4,"minecraft:spruce_fence_gate":3,"minecraft:golden_carrot":138,"minecraft:redstone":60,"minecraft:netherite_sword":1,"minecraft:spruce_button":106,"minecraft:furnace":4,"easy_villagers:iron_farm":4,"minecraft:spruce_fence":30,"handcrafted:vindicator_trophy":1,"minecraft:glass_pane":48,"minecraft:flint_and_steel":1,"argentinas_delight:matevacio":1,"minecraft:iron_axe":2,"minecraft:spruce_slab":72,"minecraft:stone_pickaxe":2,"minecraft:diamond_boots":1,"minecraft:spruce_boat":1,"argentinas_delight:parrilla":1,"minecraft:netherite_scrap":26,"minecraft:wheat":189,"sophisticatedbackpacks:iron_backpack":1,"advancednetherite:netherite_emerald_ingot":2,"minecraft:sugar":6,"advancednetherite:netherite_iron_ingot":2,"minecraft:netherite_pickaxe":1,"ironchest:wood_to_iron_chest_upgrade":3,"minecraft:diamond_sword":1,"advancednetherite:netherite_gold_ingot":2,"minecraft:spruce_sign":24,"minecraft:iron_sword":1,"sophisticatedbackpacks:gold_backpack":1,"minecraft:bucket":1,"minecraft:stone_axe":1,"minecraft:glowstone":18,"minecraft:enchanted_book":21,"minecraft:bread":95,"minecraft:air":0,"ironchest:iron_to_gold_chest_upgrade":1,"minecraft:gold_nugget":36,"minecraft:chainmail_boots":13,"minecraft:fermented_spider_eye":4,"argentinas_delight:pava":1,"easy_villagers:converter":1,"minecraft:lapis_lazuli":12,"handcrafted:fancy_painting":4,"minecraft:diamond_chestplate":1},"minecraft:picked_up":{"minecraft:iron_chestplate":2,"minecraft:wheat":110,"cataclysm:monstrous_horn":1,"minecraft:chainmail_boots":1,"minecraft:flower_pot":1,"minecraft:smithing_table":2,"minecraft:diamond_sword":2,"minecraft:potion":3,"minecraft:enchanted_book":6,"minecraft:stone_brick_stairs":3,"minecraft:brewing_stand":5,"minecraft:string":20,"minecraft:polished_blackstone_brick_stairs":2,"argentinas_delight:parrilla":1,"alexsmobs:ancient_dart":1,"minecraft:red_nether_bricks":1,"minecraft:armor_stand":3,"minecraft:sea_pickle":1,"minecraft:deepslate_tiles":43,"alexsmobs:blood_sac":4,"minecraft:gold_nugget":30,"minecraft:cobbled_deepslate":138,"minecraft:spruce_planks":231,"minecraft:calcite":6,"minecraft:netherite_upgrade_smithing_template":14,"minecraft:iron_pickaxe":2,"minecraft:coal_block":7,"argentinas_delight:mateamargoitem":8,"minecraft:furnace":1,"minecraft:polished_blackstone_brick_slab":5,"minecraft:stick":205,"minecraft:deepslate_brick_wall":25,"minecraft:oak_fence":1,"minecraft:torch":11,"minecraft:spruce_stairs":76,"minecraft:golden_axe":2,"tombstone:grave_dust":7,"argentinas_delight:pavallena":5,"minecraft:cauldron":3,"tombstone:lollipop":1,"stalwart_dungeons:soul_magma_bricks":1,"easy_villagers:villager":2,"minecraft:rotten_flesh":4,"create:scoria":1,"create:asurine":21,"minecraft:white_terracotta":2,"minecraft:blaze_rod":7,"minecraft:deepslate_brick_stairs":25,"minecraft:obsidian":28,"minecraft:iron_bars":137,"minecraft:blaze_powder":1,"minecraft:cobblestone":789,"minecraft:birch_log":11,"minecraft:enchanting_table":1,"relics:roller_skates":3,"minecraft:magma_block":53,"minecraft:leather_chestplate":1,"minecraft:andesite":49,"minecraft:potato":13,"minecraft:flint":26,"minecraft:tuff":5,"create:raw_zinc":34,"minecraft:lapis_lazuli":10,"minecraft:dirt":872,"minecraft:lantern":19,"minecraft:leather_boots":1,"stalwart_dungeons:blaze_armor_scrap":2,"minecraft:bone":7,"minecraft:chipped_anvil":1,"minecraft:bow":1,"minecraft:wheat_seeds":321,"minecraft:deepslate_brick_slab":12,"minecraft:raw_gold":39,"minecraft:grindstone":1,"minecraft:mossy_stone_bricks":1,"minecraft:moss_block":5,"minecraft:black_terracotta":5,"minecraft:sand":193,"minecraft:stripped_spruce_log":122,"minecraft:nether_brick_stairs":1,"argentinas_delight:yerbamate":26,"alexsmobs:animal_dictionary":1,"minecraft:mossy_cobblestone":12,"minecraft:spruce_fence_gate":2,"minecraft:light_blue_terracotta":1,"minecraft:diamond":51,"minecraft:cracked_polished_blackstone_bricks":1,"minecraft:crossbow":4,"minecraft:golden_apple":2,"minecraft:spruce_sign":3,"minecraft:emerald":9,"minecraft:bread":4,"argentinas_delight:pava":2,"minecraft:oak_sapling":15,"minecraft:netherrack":3946,"minecraft:dark_oak_fence":1,"minecraft:bricks":12,"minecraft:crimson_roots":18,"minecraft:crafting_table":1,"minecraft:allium":14,"minecraft:splash_potion":2,"minecraft:nether_wart":10,"minecraft:brown_mushroom":10,"minecraft:stone_brick_wall":2,"stalwart_dungeons:soul_bricks":4,"minecraft:shield":3,"minecraft:cornflower":1,"minecraft:red_bed":9,"minecraft:compass":1,"minecraft:white_carpet":3,"minecraft:iron_shovel":1,"minecraft:blackstone":121,"minecraft:cracked_stone_bricks":1,"minecraft:cartography_table":1,"minecraft:beef":6,"minecraft:poppy":12,"minecraft:spruce_slab":17,"minecraft:sugar_cane":45,"minecraft:chest":4,"minecraft:birch_sapling":4,"minecraft:spruce_trapdoor":25,"minecraft:raw_copper_block":11,"minecraft:raw_iron":51,"argentinas_delight:pavacalientetool":1,"minecraft:copper_ingot":19,"minecraft:spruce_fence":90,"minecraft:polished_blackstone_bricks":162,"minecraft:netherite_pickaxe":1,"minecraft:redstone":18,"minecraft:light_blue_bed":2,"minecraft:purple_terracotta":9,"minecraft:arrow":5,"stalwart_dungeons:raw_tungsten":11,"minecraft:nether_bricks":133,"minecraft:deepslate_bricks":78,"minecraft:diamond_boots":1,"minecraft:hay_block":56,"handcrafted:fancy_painting":2,"alexscaves:spelunkery_table":1,"minecraft:cracked_deepslate_bricks":48,"tombstone:essence_of_undeath":2,"minecraft:saddle":2,"minecraft:gold_ingot":14,"minecraft:polished_blackstone":1,"minecraft:white_wool":56,"minecraft:cracked_deepslate_tiles":24,"relics:ice_skates":2,"minecraft:basalt":3,"minecraft:leather":8,"minecraft:blackstone_slab":2,"minecraft:birch_planks":3,"minecraft:crimson_fungus":2,"minecraft:oak_log":56,"minecraft:chainmail_chestplate":1,"minecraft:ancient_debris":29,"minecraft:cobblestone_wall":1,"minecraft:gunpowder":4,"alexsmobs:mosquito_proboscis":1,"minecraft:blue_bed":1,"tombstone:gift":2,"minecraft:white_banner":9,"minecraft:red_carpet":3,"cataclysm:infernal_forge":1,"minecraft:apple":4,"minecraft:stone_bricks":74,"minecraft:iron_ingot":10,"tombstone:bag_of_seeds":1,"minecraft:iron_sword":3,"minecraft:soul_sand":8,"minecraft:book":69,"gemsnjewels:enchanted_gold_ring":1,"minecraft:scaffolding":1,"minecraft:smooth_basalt":1,"minecraft:pitcher_plant":1,"minecraft:pumpkin":6,"minecraft:sweet_berries":10,"minecraft:quartz":154,"minecraft:dandelion":13,"minecraft:spyglass":1,"minecraft:gravel":69,"minecraft:spruce_sapling":309,"minecraft:white_bed":7,"minecraft:spruce_log":3333,"argentinas_delight:mateyerbaseca":1,"minecraft:mossy_stone_brick_slab":1,"minecraft:spruce_door":22,"minecraft:spider_eye":2,"gemsnjewels:sable_amethyst":2,"minecraft:diamond_shovel":1,"minecraft:pumpkin_seeds":14,"minecraft:diamond_axe":1,"minecraft:polished_blackstone_brick_wall":9,"minecraft:baked_potato":2,"tombstone:magic_scroll":1,"argentinas_delight:cuernodetoro":1,"minecraft:damaged_anvil":5,"minecraft:melon_seeds":4,"minecraft:coal":77,"minecraft:hopper":1},"minecraft:mined":{"create:deepslate_zinc_ore":13,"minecraft:spruce_planks":230,"minecraft:white_bed":3,"minecraft:mossy_stone_brick_slab":1,"minecraft:black_terracotta":5,"argentinas_delight:hoguerasinlena":1,"minecraft:red_nether_bricks":3,"minecraft:spruce_trapdoor":14,"minecraft:brewing_stand":4,"minecraft:obsidian":28,"minecraft:cave_vines_plant":1,"argentinas_delight:hojasdemate":95,"minecraft:stone_brick_wall":2,"minecraft:grass_block":422,"minecraft:cracked_polished_blackstone_bricks":1,"minecraft:deepslate_bricks":35,"minecraft:polished_blackstone_brick_slab":5,"minecraft:hopper":1,"minecraft:nether_wart":6,"minecraft:spawner":25,"minecraft:polished_blackstone_bricks":145,"minecraft:weeping_vines_plant":2,"minecraft:magma_block":54,"minecraft:mossy_cobblestone_stairs":1,"minecraft:iron_ore":13,"minecraft:fire":5,"minecraft:cobbled_deepslate":4,"argentinas_delight:mateamargo":7,"minecraft:pumpkin":6,"minecraft:nether_brick_stairs":1,"argentinas_delight:ramasdematedeyerba":3,"minecraft:enchanting_table":1,"create:asurine":21,"minecraft:water_cauldron":3,"minecraft:dirt_path":1,"argentinas_delight:basedearbolmate":2,"minecraft:oak_stairs":1,"minecraft:iron_bars":125,"minecraft:deepslate_brick_stairs":31,"minecraft:spruce_slab":8,"minecraft:deepslate_redstone_ore":4,"minecraft:brown_mushroom":10,"minecraft:potted_brown_mushroom":1,"minecraft:red_bed":9,"minecraft:blackstone":250,"minecraft:melon_stem":1,"minecraft:soul_fire":2,"minecraft:deepslate_brick_wall":22,"minecraft:crimson_nylium":131,"stalwart_dungeons:transient_block_close":9,"minecraft:torch":1,"minecraft:calcite":6,"minecraft:poppy":4,"minecraft:chest":2,"create:scoria":1,"minecraft:white_stained_glass_pane":4,"minecraft:nether_quartz_ore":625,"minecraft:cobblestone":15,"minecraft:grindstone":1,"minecraft:damaged_anvil":4,"minecraft:sugar_cane":19,"minecraft:bricks":12,"minecraft:white_terracotta":2,"minecraft:light_blue_terracotta":1,"minecraft:birch_log":11,"minecraft:wheat":108,"minecraft:grass":30,"minecraft:cracked_deepslate_tiles":9,"minecraft:oak_log":56,"minecraft:loom":1,"minecraft:sand":129,"minecraft:dirt":456,"minecraft:smooth_basalt":1,"minecraft:ancient_debris":29,"minecraft:netherrack":48700,"minecraft:deepslate":1842,"minecraft:nether_gold_ore":4,"minecraft:light_blue_stained_glass_pane":5,"minecraft:deepslate_tiles":20,"argentinas_delight:pavallena":2,"minecraft:tuff":71,"minecraft:mossy_cobblestone":4,"stalwart_dungeons:soul_bricks":2,"minecraft:deepslate_diamond_ore":28,"argentinas_delight:pimpolloyerba":3,"minecraft:nether_bricks":134,"minecraft:dark_oak_fence":2,"minecraft:purple_terracotta":9,"minecraft:allium":10,"minecraft:spruce_fence":42,"minecraft:decorated_pot":1,"minecraft:crimson_roots":1,"minecraft:weeping_vines":1,"argentinas_delight:mateyerbaseca":1,"minecraft:cartography_table":1,"minecraft:large_fern":1,"minecraft:hay_block":56,"minecraft:deepslate_brick_slab":12,"minecraft:spruce_sapling":10,"minecraft:furnace":1,"minecraft:andesite":51,"minecraft:stripped_spruce_log":89,"minecraft:bookshelf":15,"minecraft:vine":1,"minecraft:lantern":3,"minecraft:stone":888,"minecraft:white_wool":28,"minecraft:podzol":2,"minecraft:smithing_table":1,"minecraft:scaffolding":1,"minecraft:soul_sand":6,"minecraft:basalt":2,"minecraft:dandelion":1,"minecraft:polished_blackstone_brick_wall":2,"minecraft:spruce_door":10,"minecraft:oak_fence":1,"minecraft:crafting_table":1,"minecraft:cornflower":1,"minecraft:blackstone_slab":1,"argentinas_delight:pavacaliente":1,"minecraft:tall_grass":2,"minecraft:lapis_ore":2,"minecraft:deepslate_gold_ore":23,"minecraft:polished_blackstone_brick_stairs":2,"minecraft:cracked_deepslate_bricks":24,"minecraft:blue_bed":1,"minecraft:spruce_stairs":72,"minecraft:light_blue_bed":2,"minecraft:cobblestone_wall":1,"minecraft:spruce_log":3434,"minecraft:birch_leaves":1,"minecraft:coal_ore":5,"minecraft:pitcher_crop":1,"minecraft:gravel":85,"minecraft:cobweb":5,"minecraft:cracked_stone_bricks":1,"minecraft:polished_blackstone":1,"minecraft:mossy_stone_bricks":1,"minecraft:gold_ore":1,"minecraft:stone_bricks":140,"minecraft:chipped_anvil":1,"minecraft:fern":5},"minecraft:custom":{"minecraft:interact_with_crafting_table":93,"minecraft:open_barrel":41,"minecraft:bell_ring":3,"minecraft:eat_cake_slice":1,"minecraft:leave_game":26,"minecraft:time_since_death":3187,"minecraft:damage_resisted":96,"minecraft:sprint_one_cm":1924065,"minecraft:damage_blocked_by_shield":6318,"minecraft:drop":115,"minecraft:talked_to_villager":249,"minecraft:play_time":656518,"minecraft:deaths":30,"minecraft:jump":10501,"minecraft:interact_with_brewingstand":11,"minecraft:walk_on_water_one_cm":86489,"minecraft:interact_with_furnace":36,"minecraft:traded_with_villager":990,"minecraft:interact_with_cartography_table":1,"minecraft:interact_with_loom":5,"minecraft:sleep_in_bed":16,"minecraft:waystone_activated":5,"minecraft:damage_dealt":28686,"minecraft:player_kills":2,"minecraft:crouch_one_cm":66290,"tombstone:undead_killed":51,"minecraft:interact_with_smithing_table":11,"minecraft:interact_with_anvil":34,"minecraft:mob_kills":106,"minecraft:climb_one_cm":13822,"minecraft:walk_one_cm":1573910,"minecraft:damage_dealt_absorbed":80,"minecraft:sneak_time":14719,"minecraft:walk_under_water_one_cm":35444,"minecraft:boat_one_cm":40050,"minecraft:interact_with_lectern":3,"minecraft:interact_with_blast_furnace":6,"minecraft:total_world_time":656518,"minecraft:interact_with_grindstone":1,"minecraft:interact_with_stonecutter":2,"minecraft:time_since_rest":2362,"minecraft:damage_taken":19370,"tombstone:cast_on_ally":1,"minecraft:swim_one_cm":70026,"minecraft:fly_one_cm":1955258,"minecraft:open_chest":702,"minecraft:fall_one_cm":313603},"minecraft:broken":{"minecraft:stone_axe":1,"minecraft:wooden_pickaxe":1,"minecraft:iron_axe":1},"minecraft:dropped":{"minecraft:spruce_sign":1,"minecraft:diamond_axe":1,"minecraft:crossbow":1,"minecraft:saddle":1,"minecraft:red_carpet":3,"minecraft:emerald":1,"minecraft:cracked_polished_blackstone_bricks":1,"minecraft:dirt":252,"minecraft:dark_oak_fence":1,"minecraft:crimson_roots":1,"minecraft:gold_nugget":1,"minecraft:polished_blackstone_bricks":5,"minecraft:iron_pickaxe":1,"minecraft:birch_log":6,"minecraft:gold_ingot":14,"tombstone:lollipop":1,"minecraft:blackstone":5,"minecraft:spyglass":1,"minecraft:golden_chestplate":1,"alexsmobs:animal_dictionary":1,"alexscaves:cave_tablet":4,"minecraft:birch_sapling":4,"tombstone:gift":1,"minecraft:rotten_flesh":1,"minecraft:diamond_shovel":1,"minecraft:white_bed":1,"minecraft:chainmail_chestplate":1,"minecraft:poppy":1,"minecraft:deepslate_tiles":1,"create:scoria":1,"minecraft:melon_seeds":2,"minecraft:leather_boots":1,"minecraft:chest":2,"cataclysm:infernal_forge":1,"minecraft:scaffolding":1,"minecraft:stone_brick_stairs":1,"minecraft:netherrack":657,"minecraft:iron_ingot":1,"minecraft:bread":9,"minecraft:netherite_pickaxe":1,"argentinas_delight:mateamargoitem":1,"minecraft:wheat_seeds":1,"minecraft:deepslate_brick_wall":5,"minecraft:oak_fence":1,"minecraft:golden_axe":1,"minecraft:book":3,"minecraft:stick":2,"minecraft:brewing_stand":1,"minecraft:spruce_sapling":7,"minecraft:dandelion":2,"minecraft:stone_sword":1,"alexsmobs:ancient_dart":1,"minecraft:spruce_fence":2,"minecraft:pumpkin_seeds":7,"minecraft:diamond_sword":2,"minecraft:spruce_trapdoor":3,"minecraft:iron_chestplate":2,"easy_villagers:villager":1,"minecraft:diamond_boots":1,"minecraft:stone_pickaxe":2,"cataclysm:monstrous_horn":1},"minecraft:killed_by":{"minecraft:wither_skeleton":1,"minecraft:piglin_brute":4,"minecraft:zombie":2,"alexsmobs:grizzly_bear":1,"stalwart_dungeons:reinforced_blaze":1,"minecraft:player":4,"minecraft:skeleton":1,"cataclysm:netherite_monstrosity":10,"guardvillagers:guard":1},"minecraft:killed":{"guardvillagers:guard":5,"minecraft:zombified_piglin":8,"minecraft:spider":3,"minecraft:skeleton":11,"minecraft:illusioner":2,"minecraft:piglin_brute":9,"minecraft:piglin":4,"minecraft:creeper":1,"alexsmobs:crimson_mosquito":8,"minecraft:pillager":7,"minecraft:zombie":19,"minecraft:blaze":2,"minecraft:cow":2,"stalwart_dungeons:nether_wart_cocoon":6,"stalwart_dungeons:reinforced_blaze":2,"minecraft:hoglin":1,"minecraft:wither_skeleton":13,"minecraft:player":2},"minecraft:used":{"minecraft:beetroot":1,"minecraft:spruce_slab":30,"minecraft:chest":1,"minecraft:shield":100,"minecraft:iron_sword":80,"minecraft:nether_bricks":118,"minecraft:cracked_deepslate_tiles":13,"easy_villagers:converter":1,"minecraft:obsidian":10,"minecraft:spruce_boat":1,"minecraft:lantern":1,"minecraft:light_blue_bed":1,"easy_villagers:iron_farm":4,"minecraft:stone_bricks":135,"argentinas_delight:pavallena":5,"minecraft:bow":11,"minecraft:oak_sapling":1,"minecraft:furnace":4,"minecraft:deepslate_brick_wall":3,"minecraft:damaged_anvil":1,"minecraft:oak_planks":13,"minecraft:spruce_door":4,"minecraft:stone_pickaxe":89,"minecraft:blackstone":46,"minecraft:wooden_pickaxe":59,"minecraft:sugar_cane":23,"minecraft:composter":4,"minecraft:blue_bed":1,"minecraft:diamond_axe":3588,"minecraft:deepslate_brick_stairs":7,"minecraft:deepslate_tiles":56,"easy_villagers:villager":46,"minecraft:bread":277,"ironchest:iron_to_gold_chest_upgrade":1,"tombstone:grave_key":21,"minecraft:gravel":4,"minecraft:diamond_sword":342,"argentinas_delight:matevacio":1,"minecraft:grindstone":1,"minecraft:smithing_table":1,"ironchest:wood_to_iron_chest_upgrade":3,"minecraft:netherite_sword":2,"handcrafted:fancy_painting":6,"minecraft:iron_bars":5,"minecraft:stone_sword":33,"minecraft:flint_and_steel":3,"minecraft:spruce_planks":207,"argentinas_delight:mateyerbaseca":7,"argentinas_delight:yerbamate":8,"minecraft:netherrack":608,"minecraft:torch":31,"minecraft:brewing_stand":4,"minecraft:dirt":550,"minecraft:spyglass":6,"minecraft:hopper":5,"minecraft:spruce_fence":20,"minecraft:chipped_anvil":1,"argentinas_delight:mateamargoitem":7,"minecraft:iron_axe":410,"minecraft:golden_carrot":82,"minecraft:netherite_pickaxe":21285,"handcrafted:vindicator_trophy":1,"minecraft:cooked_beef":4,"minecraft:water_bucket":27,"minecraft:birch_planks":4,"minecraft:glass_bottle":7,"minecraft:baked_potato":3,"gemsnjewels:diamond_set_gold_ring":4,"minecraft:spruce_sign":16,"minecraft:spruce_fence_gate":5,"minecraft:stonecutter":1,"argentinas_delight:pava":2,"minecraft:deepslate_bricks":58,"minecraft:polished_blackstone_bricks":67,"minecraft:crafting_table":7,"minecraft:red_bed":9,"minecraft:white_bed":17,"argentinas_delight:pavacalientetool":17,"tombstone:bag_of_seeds":2,"minecraft:cornflower":1,"minecraft:diamond_pickaxe":31952,"minecraft:diamond_shovel":1016,"minecraft:iron_pickaxe":284,"minecraft:spruce_trapdoor":2,"minecraft:spruce_sapling":293,"minecraft:stone_axe":130,"minecraft:cobblestone":160,"minecraft:cooked_porkchop":1,"minecraft:bucket":32,"alexsmobs:animal_dictionary":1,"minecraft:splash_potion":1}},"DataVersion":3465}